07034c0f,white,"Any Acrylic Padlock",
3ac43ea8,white,"Any China padlock (granite look)",
901b35b2,white,"Any Cutaway Lock",
5dc117cd,white,"Any Lever Generic/Unknown Cabinet lock","1 or 2 levers"
b22bdd44,white,"Any lock with any tool",
5ff7457c,white,"ABUS 45","laminated padlock"
a8c9aa08,white,"Brinks R80 disk lock",
5a91e6a5,white,"Master Lock #1",
38289b36,white,"Master Lock #2","Laminated brass"
562e964e,white,"Master Lock #3",
dff62f52,white,"Master Lock #4","Laminated brass"
c800618f,white,"Master Lock #5",
f10deed6,white,"Master Lock #6","Laminated brass"
4bbeeb48,white,"Master Lock #7",
79adf554,white,"Master Lock #8","Laminated brass"
36d4123c,white,"Timpson Special Brass Padlock",
2201a1b1,white,"Tri-Nine Padlock",
ba5584ca,yellow,"Any Lever Generic/Unknown Cabinet lock","3 levers"
be3fef00,yellow,"Any Lever Generic/Unknown Mortice lock","3 levers"
c7d2eca1,yellow,"ABUS 55/30",
693abee0,yellow,"ABUS 64Ti Titalium","30mm or smaller (<5 pins)"
1ce31c29,yellow,"ABUS 65/35","35mm or smaller"
805fc883,yellow,"ABUS 84/35",
2484ce70,yellow,"ABUS EC75 75/30",
423dbebe,yellow,"ABUS MyLock",
9d830052,yellow,"ABUS Nautic T84MB","40mm or larger"
abdf3acd,yellow,"ACE laminated","40mm padlock"
3a2ed5f3,yellow,ADW,
a0d1bf97,yellow,"American Lock A5200","bump stop model: all standards + 1 anti-bump pin"
a1581afe,yellow,ARFE,
32244161,yellow,Befa,
4062aefb,yellow,Bond,
d6d43c00,yellow,Braslock,
58307da0,yellow,"Brinks Brass Padlocks",
50fbf666,yellow,BSS,
4d7dd1a0,yellow,"Burg Wächter Alutitan 770 40",
6ca3420d,yellow,"Burg Wächter C-Line",
7f56acb9,yellow,"Burg Wächter Look",
b517a7ef,yellow,"Burg Wächter SecuLock",
9a5b3f53,yellow,"Burg Wächter Yacht",
90267144,yellow,Börkey,
919755fe,yellow,Casesa,
e38b7c57,yellow,CIB,
4938772f,yellow,Citadel,
6719b451,yellow,Cotica,
a8d996c0,yellow,"Dulimex DX",
2f634d15,yellow,"Eagle 37110",
75d883a0,yellow,"Egret 5-pin padlock",
f24c2d25,yellow,EMR,
c2306424,yellow,"ERA mortice","2 lever"
71eea804,yellow,Esco,
1376f489,yellow,Faithfull,
ca5b08b4,yellow,Favour,
d93c1ed7,yellow,Fermod,
5e3f057f,yellow,FF,
17ce6273,yellow,FFF,
e8feb6f3,yellow,Flora,
5599bd8a,yellow,Glip,
234de3bc,yellow,Guri,
9a7e1167,yellow,HiK,
28f1b592,yellow,HP+,
b4d52d31,yellow,IBAU,
88402cd0,yellow,Kinzo,
7eaffc73,yellow,Koala,
4773e1fa,yellow,Laperche,
7685aed5,yellow,Lifetime,
7c79137c,yellow,"MAKO 227",
1cad075e,yellow,Mannesmann,
866660d6,yellow,"Master Lock 130",
2455f0ae,yellow,"Master Lock 140 / Master Lock 141",
759d0d0f,yellow,"Master Lock 930",
df703850,yellow,"Master Lock DG",
d5053e6d,yellow,"Master Lock Magnum",
6af6f704,yellow,"Master Lock V-line 4140",
2936bb00,yellow,McGeiz,
d02d36d5,yellow,Mecanimex,
6c365304,yellow,Metal,
ae031589,yellow,Modeco,
8824c0e5,yellow,"Multi XL",
6d9fbd4a,yellow,Multicar,
2924aa76,yellow,Owa,
30b60f60,yellow,"Power Line",
8e2d57b1,yellow,Santos,
40f7d7c7,yellow,"Schlage Mortise",
d4299b24,yellow,"Smith and Locke Mortice /  non-British Standard","3 lever"
a460c971,yellow,"Squire 440","4 lever, pin key"
920b7da1,yellow,"Squire 660","4 lever"
ed713b97,yellow,"Squire Defiant","5 lever"
9fd77c9a,yellow,Stabilit,
4ec9a150,yellow,Südmetall,
ff837451,yellow,Tara,
7d9d715d,yellow,"TESA TE-5",
4b32e9dd,yellow,Wolfdog,
67b285d9,orange,"ABUS 45/50",brass
16e9d2ab,orange,"ABUS 54TI/50 Titalium",
632f4069,orange,"ABUS 55/40","40mm or larger"
d7188e81,orange,"ABUS 60/50",
52f1e117,orange,"ABUS 64Ti Titalium","40mm or larger (5+ pins)"
a0e50505,orange,"ABUS 65/40","40mm or larger"
3653f376,orange,"ABUS 83/40",
683e4f33,orange,"ABUS 85",
d7479fd6,orange,"ABUS Buffo (Ecoline)",
afd3e51d,orange,"ABUS C51",
95a9d73c,orange,"ABUS C73 / ABUS C83 / ABUS C90","old pinning: mostly standard keypins, normal spool drivers"
bc1ed715,orange,"ABUS Cisa",
80667814,orange,"ABUS Diskus","normal pin tumbler, not dimple"
204d85a7,orange,"ABUS Monobloc",
1050a58c,orange,"ABUS Ti12 Titalium",
aa15b066,orange,"BASI CO",
7b4ce02a,orange,"BASI ST",
d49f60fe,orange,"Brinks House Key",
9215a45f,orange,"Brinks Weatherproof 44mm laminated padlock",
171f76e9,orange,"Burg Wächter Boccia",
1a8afeac,orange,"CES KB",
53732c41,orange,"CES PS5",
43fd87ae,orange,"CES WM 5",
e89aa47e,orange,"CES WZ",
6758c30e,orange,CFG,
3b3e78b0,orange,"Cocraft 6-Pin Padlock","Non guttable version"
99057c44,orange,"Corbin Arco Cromato",
eaba4dd9,orange,"DOM 333 RNT (standard cylinder)",
677afce6,orange,Eclipse,"British Standard - 5 lever"
26315d0f,orange,"Eurospec (E*S)","British Standard - 5 lever"
d98f267e,orange,F3,
140d2878,orange,"FAB 100",
5802cfb9,orange,"Fanal 5-pin padlock",
0795d01a,orange,FCV,
d7c8eec1,orange,FUG,
0756b9e9,orange,FXL,
5b5c6a9e,orange,"Garrison 40mm Brass Padlock",
92f98042,orange,"Gege ANS-2",
836c5ce3,orange,Gloss,
ed0e0d36,orange,"GTV Padlock",
2bdcb8c7,orange,"IKON DS",
d261a3ba,orange,"ISEO F5",
9bc8809e,orange,"Kasp 160 series Diskus",
a5a164ad,orange,"Lockwood 110/40","40mm or larger"
efc01233,orange,"Master Lock 150",
e2e15f47,orange,"Master Lock 532",
9ca2c109,orange,"Master Lock 570 / Master Lock 575 / Master Lock 576",
9441e2cc,orange,"Master Lock V-line 4150",
9f832458,orange,S&S,
4071176d,orange,"Sargent Mortise",
74f65a9c,orange,SIB,
029fef1f,orange,SMB,
f88a999d,orange,Snowstar,
0754f036,orange,SOLXD,
f2a8a932,orange,Starlet,
78205898,orange,"Techpro Tech 5",
665f75f2,orange,TOP,
7b65effd,orange,"Trelock Euro Cylinder",
ecd83598,orange,Trimas,
1be21a18,orange,Urbis,
e524ce27,orange,VEB,
07d4fec6,orange,"Wilka standard profile","5 pin"
8c0171f9,orange,"Winkhaus AZ",
ab17daa6,orange,"Winkhaus VS 5","5 pin"
0f0dcd42,orange,"Yale 125/40",
fb3daa70,orange,"Yale 5 lever sashlock","5 Lever"
db1040e5,orange,"Yale Mortise",
98a2ba2d,orange,"Yale Y110/40",
0e97c099,green,"Any Lever Generic/Unknown curtained lock","4 levers"
d46ac711,green,"Any Lever Generic/Unknown uncurtained lock","4 levers"
74a00ae3,green,"ABUS 72/40",
e42853c7,green,"ABUS 74/40 LOTO",
9ec8706c,green,"ABUS 75/50 / ABUS 75IB/50",
47e7cf73,green,"ABUS 76/40",
e1625c4d,green,"ABUS 80TI Titalium",
9da8ebe0,green,"ABUS Brady 71/40 LOTO (Lock Out Tag Out)",
6b2e5290,green,"ABUS Bravus 1000",
8d1ebc79,green,"ABUS Bravus 2000",
85d93eb1,green,"ABUS C73 / ABUS C83 / ABUS C90","new pinning: security keypins + serrated and spooled t-pins"
f97700ff,green,"ABUS D6",
cf5bd73b,green,"ABUS EC750 / ABUS EC850","spool pin version, not 700/800"
8606220a,green,"ABUS Integral / ABUS Pfaffenhain Integral",
f488f48e,green,"ABUS Pfaffenhain Standard",
bc6837f8,green,"ABUS V14 / ABUS XV14 / ABUS Y14",
304df868,green,"ABUS W14",
c4130a64,green,"ABUS WavyLine Pro / ABUS Pfaffenhain WavyLine Pro",
b0076ed7,green,"ABUS WavyLine / ABUS Pfaffenhain WavyLine",
1b10225b,green,"ABUS XD25",
9adbc90f,green,"ABUS Xp10",
3af47daf,green,"ACE A527",
1dafd552,green,"ACE Brass Padlock","40mm or larger"
200605b9,green,"ACE laminated padlock","44mm or larger"
2ae1e0b8,green,"American Lock 1100 / A1100",
b16ffe3f,green,"American Lock 2000 puck lock",
81fbd528,green,"American Lock 5200",
b3af5e62,green,"American Lock Clone",
6f954c60,green,"American Lock Lock 700 / A700",
5a6170fb,green,"American Lock S1100",
e84582aa,green,"ASSA 500","graduated spools"
0b82681f,green,"ASSA 500 / Ruko 500","tapered drivers"
ca6ce763,green,"Bab IKON DS",
648a3742,green,"Bab IKON K2 (with IKON Core)",
bfc7c700,green,"Bab IKON P031",
bea71188,green,"BASI 3AX",
27f1aaae,green,"BASI AS Pro",
a6e954a6,green,"BASI CX6",
b099c88a,green,"BiLock Clone",
569dd487,green,"BKS 51-SL (Livius)",
135ef1c0,green,"BKS 88",
ec0a2659,green,"BKS Detect 3",
4bc2b65a,green,"BKS Helius",
3b26e53c,green,"Bricard Serial",
14f021bb,green,"Burg Wächter Atlantic",
32fa52a6,green,"Burg Wächter Diamant",
bd9dc1e4,green,"Burg Wächter Karat",
dd155241,green,"Burg Wächter Profi 116/40",
83ac6e00,green,"CES with dustcover",
20f3575c,green,"Chateau C970 disk padlock",
9d478029,green,"Commando IC3 Tactical",
f7f31800,green,"Commando Marine",
606275d8,green,"Commando Peacemaker",
73a718cb,green,"Corbin Russwin Master Ring",**
96bb2cf7,green,"Corbin Standard cylinder",
6c9a666e,green,"Corona cylinder",
6b472dc2,green,"Corona M",
04970fee,green,"DOM IX 5N",
a165bc09,green,"DOM IX HT",
5241369e,green,"DOM RS 5",
05979a42,green,"DOM SC",
95b2c7b0,green,"DOM SV",
8e18bd5f,green,Elca,
9bf13231,green,"ERA Invincible","5 lever"
2ec75ab7,green,"ERA Pro-Fit","5 lever"
6ad7add4,green,"ERA Viscount","5 lever"
6a870d80,green,"EVVA FPS",
b5a5e9a5,green,"EVVA Standardcylinder (Normalprofil)",
9406020f,green,"EVVA TSC",
cd0c2ff9,green,"FAB 200RS",
13b55a25,green,"Federal Lock 5Y3110",
e98b5ae7,green,"Federal Lock 6Y3110",
3316c7d0,green,"Guett Dern",
b25e23fd,green,"IKON N1",
9a972905,green,"IKON P031",
f8254416,green,"ISEO MC 6500",
95902951,green,"ISEO MC5",
54087329,green,"ISEO R6",
3129ee7e,green,"Kaba Gege AP 1000",
c81ca385,green,"Kaba Micro",
14db6dbd,green,"Kai Kai",
62f3dc5c,green,"Kale Kilit 164 CE",
9811b260,green,"Kale Kilit 164 GNC","6 pin, standard profile"
14ece36b,green,"Kasp 14040",
7ec79663,green,Kenaurd,"pin-in-pin, 4 pins"
1c002521,green,"Kryptonite 6-pin padlock",
5f0834f5,green,"Lockwood 120/40 or above",
3eced659,green,"Lockwood 234B45",
ae023398,green,"Lockwood 334B45","Tapered/Beveled drivers"
af98761d,green,"MAKO 425",
cba41cb7,green,"MAKO 427",
c942490e,green,"Master Lock 410 LOTO (Lockout Tagout)",
366d5f50,green,"Master Lock 6835",
b1915ecd,green,"Master Lock 911",
cb471080,green,"Master Lock 931",
2bf16de8,green,"Master Lock Pro Series",
efbc853f,green,"Master Lock S32 LOTO (Lockout Tagout)",
b8f4f5f5,green,"Mauer Elite 1",
1f4e3e05,green,"MCM SCX",
66f5175a,green,"Morgan Non British Standard","5 levers"
4f8a20de,green,"Mottura Champions C10",
3700d537,green,"Mottura Champions C30 / Mottura Champions C31 / Mottura Champions C39",***
abf55188,green,"Mul-T-Lock 7X7",
c7f1add4,green,"PACLOCK 100A","6-pin version of the 90a pro"
0fb9a3c8,green,"PACLOCK 100G",
8ad36e8a,green,"PACLOCK 90A",
31d68cd1,green,"PACLOCK 95G",
f54c8493,green,"PACLOCK UCS",
8f3f18d8,green,"Sargent Mortise","with security pins"
ea1d1d8c,green,"Schlage Everest",
44bdfa06,green,"Squire 440","4 lever, pipe key"
5260b396,green,"Tokoz Beta",
4f0fbb3f,green,"Vachette standard cylinder",
ba627c40,green,"Wetzel Pfaffenhain",
8cc092f5,green,"Wilka 1400","6 pin"
736386f4,green,"Wilka 3600",
9b275fcc,green,"Wilka 3VE",
0a7b9888,green,"Wilka Primus HX",
69c4dbf2,green,"Winkhaus RAP",
574e9854,green,"Winkhaus RAP+",
de53cff7,green,"Winkhaus VS",6-pin
a609fdb1,green,"Winkhaus ZRV",
bd9e85b5,green,"Winkhaus ZRV6",
1105b55d,green,"Yale 210C/51",
34532c45,green,"Yardeni 6",
4f6bcdb7,green,"Zarker J45/J45S",
c1d09460,blue,"Any HQ High Security interactive clone","4 pins"
c6529d9c,blue,"Any SFIC format lock",**
ea0efaca,blue,"ABUS Bravus 3000",
f96de7cc,blue,"ABUS D10",
5c0d870b,blue,"ABUS E-series (E20-E90)",
3515caae,blue,"ABUS EC750 / EC850","serrated pin version, not 700/800"
fe84cc3c,blue,"ABUS KV14 / ABUS KY14",
4382d650,blue,"ABUS KW14",
f93c57fc,blue,"ABUS S6+",
34c0dfe4,blue,"ABUS XP1",
d20fb493,blue,"Ankerslot Infinity","without magnet"
d9e3829f,blue,"ASSA 500","5 pin with barrels and matched countermilling"
d08aa492,blue,"ASSA 700","7 pin with spools and no countermilling"
f1e92541,blue,"ASSA 700","7 pin with tapered drivers"
08a5799e,blue,"ASSA Flexcore","5 pins"
1bee7a66,blue,"ASSA R502",
307e1f03,blue,"Bricard Bloctout",
61f33761,blue,"Bricard Serial S",
ed9fa926,blue,"Burg Wächter Gamma 700","Non-removable core"
5647f11c,blue,"Cantol high-security line ","10-pin dimple"
32c85438,blue,"Chubb 114","5 lever"
0c946064,blue,"Chubb 114e","5 lever"
9d337b72,blue,"Chubb Any uncurtained 5 lever","uncurtained 5 lever"
5b842c0e,blue,"Chubb Cruiser","5 lever"
066d1e3b,blue,"CISA Astral S",
f9aceec0,blue,"CISA C3000",
b91162e7,blue,"DeGuard interactive clone","4 pins"
eec4bd4a,blue,"DOM IX 5KG",
96591a8f,blue,"DOM Plura",
2e67118d,blue,"DOM R Plus",
81338028,blue,"DOM RN",
1dd28bf9,blue,"DOM RS Sigma",
9aa8821a,blue,"DOM S (with circle)",
4c544aa2,blue,"Dorma DC3003",
1ede9094,blue,"Dorma DC400",
0f7eb0f2,blue,"ERA Big 6","6 lever"
e2d201c9,blue,"ERA Fortress","5 lever"
a2a10bc7,blue,"ERA Insurance","5 lever"
14481dfb,blue,"EVVA DPI","Pin Tumbler version"
da54208c,blue,"EVVA DPS","Pin Tumbler version"
af99d1cb,blue,"EVVA DPX","Pin Tumbler version"
18f3c21f,blue,"EVVA EPS","Pin Tumbler version"
bce6757d,blue,"EVVA GPI/ALS",
f938f2fe,blue,"FAB 2000",
aee424c0,blue,"FAB 3* Profi / FAB 4* Profi",
275d33c9,blue,"Federal Lock 6KD3110",
959a6b9d,blue,"GOAL S","5 pins"
62bdbd5e,blue,"Guard NVL",
d1896bf9,blue,"IKON P031","N6 profile"
08b5986d,blue,"IKON Sk6 vector",
1c38e176,blue,"IKON SK7",
948f9068,blue,"IKON Undercut",
8ad6939a,blue,"Kaba Gege AP2000",
0037a89f,blue,"Kaba Gege AP3000",
aa7fc00e,blue,"Kaba Gege pExtra","5 pin"
1fda76a8,blue,"Kaba 8","2 row"
5c2f5101,blue,"Kaba 8","3 row, <9 pins"
40e50dd4,blue,"Kaken KX3","exterior, <6 sliders"
b01220ea,blue,"Kale Kilit 164 YGS SE",
54dc69e8,blue,"Kenaurd Dimple","pin-in-pin, 5 pins"
c8c0ee06,blue,"Kryptonite Disk Detainer",
adc2d335,blue,"Lince C4",
58f12de9,blue,"Lockwood 270S70",
331c9d36,blue,"Lockwood 334B45","With spools"
36d61da4,blue,"Lockwood 356S63",
f6b001ed,blue,"Lockwood V7",
1fe0ba0d,blue,"M&C Color / M&C Color Pro / M&C Color+","<4 sliders"
bc6f6e7c,blue,"M&C Matrix","no sidebar"
2a02810c,blue,"Mauer RedLine G",
0a70d67f,blue,"Mauer RedLine GM",
72675596,blue,"MCM AS6",
23c7988c,blue,"Medeco Biaxial","4 pins"
69d4ef86,blue,"Medeco BiLevel",
a9e47067,blue,"Medeco Original Camlock","<5 pins"
f3a2aa78,blue,"Metal Zx5J",
f9f2d983,blue,"Mila Evolution",
c0af329b,blue,"Mindy Pagoda (round key)",
df8081fa,blue,"MIWA DS",
b1834e81,blue,"Mottura Champions C28 / Mottura Champions C29",
0418a174,blue,"Mul-T-Lock Classic","Standard drivers"
6e0bfdd2,blue,"Mul-T-Lock Integrator",
fb5a9eb7,blue,"PACLOCK 90A Pro",
74c225d1,blue,"PACLOCK PL410",
ca6f4eaf,blue,"Pisla 860",
6dc539dd,blue,"Ruko R501",
842165cc,blue,"SEA slider lock",
ccd19ba8,blue,"Securemme K22",
0a12f032,blue,"Securit S20##",
b0d2e04c,blue,"Takigen 10-pin",
8b5b655e,blue,"TESA T60",
35330d19,blue,"Tokoz Tech",
55511995,blue,"TrioVing (Vingcard) 55##","with trampoline pins"
86703028,blue,"Union Strongbolt","5 lever"
67c4159c,blue,"Vachette VIP / Vachette VIP+",
97c2b9be,blue,"VSR 2-row",
2c9d12fc,blue,"Winkhaus N-Tra",
fe088de0,blue,"Winkhaus Titan",
779e7dcb,blue,"Yale 500 series",
30a4fef5,blue,"Yale Superior / Milencio Magnum","<7 pins"
a6a225e5,purple,"Any Lever Unknown/Generic lock","6 or 7 lever"
c8259a23,purple,"Any SFIC format lock (unless otherwise specified)",***
96fd610e,purple,"ABA 109582",
a062f1ee,purple,"ABUS Bravus 4000",
20adf729,purple,"ABUS EP10",
dd1dd313,purple,"ABUS TS5000",
da8331ef,purple,"ABUS XP20s / ABUS XP2s / CISA AP3 / Bricard XP S2",
557b2f45,purple,"Agent LS3 / Agent LS4 / Agent LS5",
0723bdc2,purple,"Aldon Corporation Hot Dog Lock",
bbce33e0,purple,"Anchor Las (disc detainer)",
23919b4e,purple,"ASEC BS Sash lock","5 lever"
f2d41749,purple,"ASSA 500 / Ruko 500","5 stacks of pins, gin drivers and matching countermilling"
ef221c67,purple,"ASSA 500 / Ruko 500","5 stacks of pins, gin drivers and matching sleeve"
45e3cde7,purple,"ASSA 600 / ASSA Max+ Restricted","Barrel spools and matching countermilling"
039a239f,purple,"ASSA Desmo","6 sliders"
e2742f70,purple,"ASSA Desmo","8 sliders, 1-3 mastered"
122b5621,purple,"ASSA Guideline","6 pin with active side pins"
f70b9b33,purple,"Australian Lock Co. BiLock","12 sliders, 7-8 mastered"
1ca633a8,purple,"Australian Lock Co. BiLock","8 sliders, 3-4 mastered"
f3666121,purple,"Avocet ABS",
8f004bf0,purple,"Bricard Chifral","all versions, <15 pins"
98ba98ae,purple,"Bricard Supersureté",
e38d015b,purple,"Burg Wächter Alpha 800",
1f3a4b1d,purple,"CEI ""Five Colors""",
1f3a8ff9,purple,"Chubb Battleship","6 lever"
d78ca1ba,purple,"Chubb Biaxial",
8a0c4b07,purple,"Codkey Locksys","<15 pins"
71bce5b7,purple,"Corbin Russwin Emhart","4 pins"
50fd7a98,purple,"Corbin Russwin Master Ring",***
5e264777,purple,"DAF Kilit DBS02",
a10711cc,purple,"Dierre New Power",
acde7f0c,purple,"DOM ix 6 sr",
fc4de1ff,purple,"DOM ix Twido",
7b05dccc,purple,"DOM ix10","without fins"
e8901d1c,purple,"Eagle ""Supr-Security""","without shutter"
04a402d6,purple,"Elzett X11",
8c2983b5,purple,"EVVA DPI / EVVA DPS / EVVA DPX / EVVA EPS","Slider version"
93871dad,purple,"Fichet 450","no false gates"
7786832f,purple,Fontaine,
db4de1bb,purple,"HQ High Security interactive clone / DeGuard interactive clone","5 pins"
3b848976,purple,"IFAM WX1000",
4ffe03a9,purple,"IKON sk6 vectorprofil rib extra","5 sliders"
07bc680a,purple,"Illinois Duo",
c11aca1a,purple,"Ingersoll 10 lever padlock",
6eab0c38,purple,"ISEO Perfecta",
30aa78ef,purple,"ISEO R7",
479f1d73,purple,K5,
4cd09b3b,purple,"Kaba Gege pExtra","6-7 pin"
779d74f5,purple,"Kaba 8","3 row, ≥ 9 pins"
898a7138,purple,"Kaken KX3","exterior, 6+ sliders"
6f5e0d32,purple,"Kale Kilit 164 BNE",
304f5471,purple,"Keso 10RS / Keso 2000S / Keso 4000S (Omega)",
06ddb074,purple,"Kwikset Smartkey (Gen III)",
41f9efa2,purple,"Kwikset Smartkey (Gens I & II)",
dd1bf2af,purple,"Kwikset Smartkey SC1 gen I",
bb317675,purple,"Legge BS Sash lock","5 lever"
c5b7e63b,purple,"LIPS Keso (door cylinder) / LIPS Octro","<13 pins"
434b5b25,purple,"LIPS Keso padlock",
50d411f4,purple,"Liquidonics Miracle Magnetic",
9982c0eb,purple,"Lockman Megacross","9-pins, mushroom drivers"
883fb3cd,purple,"Lockwood MT5","VPI, heavily mastered ***"
71833308,purple,"Lockwood Twin",
6efe5f67,purple,"M&C Color / M&C Color Pro / M&C Color+ / Vachette V-DIS / Vachette V-DIS+","≥4 sliders"
be22f5f1,purple,"M&C Condor / M&C Move",
9aedb834,purple,"M&C Matrix",
c9fc823c,purple,"Magnum Atlantic",
aeaa6a09,purple,"Medeco Original Camlock","5+ pins **"
826c31e0,purple,"Medeco Original / Medeco Biaxial / Medeco M3","5+ pins **"
58f2eac0,purple,"MIWA Magnetic Camlock",
278f2108,purple,MLock,
62520bea,purple,"Mottura Champions C38",**
8c76cc79,purple,"Mottura Viper",
3335df97,purple,"Mul-T-Lock Jr / Mul-T-Lock Classic / Mul-T-Lock Interactive","spooled drivers, < 3 countermilled outer keypins"
16906a6c,purple,"Mul-T-Lock MT5",
8a65b956,purple,"Mul-T-Lock Omega Plus",
3efc97ad,purple,"Nagasawa Kodai KCY-31","6 pin"
94466c21,purple,"Nemef NF2 / Nemef NF3",
4debdca1,purple,"Nemef NF4",
ed3ae6cf,purple,"Opnus UX",
c9da1540,purple,"Pollux 5",
8e81c2c6,purple,"Rav Bariach Locxis",
6d754a0a,purple,"Rielda rekeyable lock",
e1e595b9,purple,"Sargent Signature",
3dabf132,purple,"Schlage Everest 29SL",
e0a9caf4,purple,"Sepa HDS",
3f49ccc1,purple,"TESA T80 / TESA TX80",
9a9ae8df,purple,"TESA TK100",
e7f6d089,purple,"Titan T250",
8d4632d9,purple,Tubar,
b35bf986,purple,"US Star Tech ""Hi Security""",
416946bc,purple,"Vachette Axi'Home",
37914cb6,purple,"Walsall Locks Ace","7 lever safe"
5958a65b,purple,"Western Electric 29A / Western Electric 29B",
1be10736,purple,"Yale 5000",
ebe9ee59,purple,"Yale Superior / Milencio Magnum","7 or 9 pins"
b13f4b57,brown,"Any SFIC with security pins",****
da09d849,brown,"Abloy Classic",
b8350900,brown,"ABUS Plus","no butterfly discs"
19fce24d,brown,Aegis,"18 pin, 3 rows all spools"
db380ba0,brown,"Agent GMD-500",
d8abe040,brown,Alke,
054731a5,brown,"ALPHA FB","<15 pins"
2c58f220,brown,"ALPHA YKK AP",
f85f4ac0,brown,"Anbo X18u / Lex X18 / GLK X18 / Apec XS","Clavis X18 clones"
5329b0f3,brown,"Ankerslot Infinity K",
d3ad5a73,brown,"ASSA d12 / ASSA P600 / ASSA Neptun 1900 / TrioVing d12 level 1 (aka d13 no long pin)","barrel drivers, forked keypins"
1459e2c6,brown,"ASSA Desmo","8 sliders, no mastered pins"
fd7b514a,brown,"ASSA Twin Combi / ASSA 1800 / ASSA 4800","barrel drivers, 2 or 3 finger pins"
9ed006d4,brown,"Australian Lock Co. BiLock","12 pins, 5-6 mastered pins"
0b1a28ce,brown,"Australian Lock Co. BiLock","8 pins, 0-2 mastered pins"
33d6e0df,brown,"Australian Lock Co. Galaxy",
82ae66ad,brown,"BASI K10",
39bf479d,brown,"BKS Multipin",
9b00fb5e,brown,"Bricard Chifral","all versions, fully pinned"
de47d600,brown,"Cavers Cavith",
f51e2ff2,brown,"Clavis T-20","<15 pins"
bc03135a,brown,"Codkey Locksys","≥15 pins"
e39885f3,brown,"DOM ix 10","with shark fins"
dd6a3683,brown,"DOM ix 10 kg",
61247b32,brown,"DOM System D",
87ee7a61,brown,"Dorma DC500",
33588917,brown,"Eagle ""Supr-Security"" (with shutter)",
e0255299,brown,"FAB Dynamic",
e8150a27,brown,"Federal Lock 11KDCF3110",
45c08407,brown,"Federal Lock UCF3100 / Federal Lock USC3100",
58cbc037,brown,"Fichet 450 / Fichet 484","w/ false gates, 4-6 mastered levers"
9c627ebd,brown,"Fichet 666",
86e86a1d,brown,"FTH -THIRARD Thirard Cobra",
7298a640,brown,"Fuki Tierkey",
594b1a1c,brown,"Gerda HSS",
2929f922,brown,"Gerda Tytan ZX / Gerda Rim 6000",
7194cc26,brown,"GOAL D9","9 pin"
a1233156,brown,"GOAL P","6 pin"
f38cafca,brown,"IKON tk5 sperwellenprofil","with smooth fingerpins"
9659ad59,brown,"iNAHO Tierkey",
d64be6f7,brown,Izis,
1ee01369,brown,"JPM 405",
f61461ed,brown,"Kaba 14","<13 pins"
41b91a0e,brown,"Kaba Ace","<13 pins"
e0191c45,brown,"Kaba Gemini","<13 pins"
2efc9257,brown,"Kaba Gemini pluS","<14 pins"
9375df98,brown,"Kaken KXR",
660a840e,brown,"Kale Kilit 164 CEC",
f5cc6ace,brown,"Laperche Rols",
514c7ec4,brown,"LIPS Keso (door cylinder) / LIPS Octro","≥13 pins"
8625f848,brown,"Lowe and Fletcher 3007 Safe lock","7 lever"
236027a0,brown,"Magnum Mont Blanc",
b8783269,brown,"Mauer NW4 / Mauer NW5 / Mauer NW6",
b9b7ba7c,brown,"Mauer President","7 lever"
620b6e5a,brown,"Mauer Variator A","7 lever"
305473cf,brown,"Medeco Biaxial Camlock / Medeco M3 Camlock",**
848940e5,brown,"Medeco Duracam",**
540a14c0,brown,"MG Serrature HS",
f257bf77,brown,"MIWA EC",
2bf9f60e,brown,"MIWA PS / Tostem DN","<7 unmastered wafers"
5c5701d7,brown,"Mul-T-Lock Classic / Mul-T-Lock Interactive","Serrated drivers"
0ae75ea0,brown,"Mul-T-Lock Classic / Mul-T-Lock Interactive","Spooled inner drivers with > 3 counter milled outer keypins"
cc5bbb68,brown,"Pollux 7",
94ee12b7,brown,"Robur 2391 Safe Deposit Lock","<3 barrels or gins with matched milling"
ea1afad0,brown,"Schlage Primus / Schlage Everest Primus",
626da374,brown,"Scorpion CX-5 / Marks High Security Lock",
b91890bf,brown,"U-Shin Showa NX","<13 pins"
40e99be0,brown,"Vachette Radial NT / Vachette Radial NT+","<13 pins"
506b242a,brown,"Van Lock",
dd764207,brown,"VSR 3-row",
18e1f45b,brown,"WEST 916 / WEST 955",
9d865bcd,brown,"Winkhaus X-Tra","<9 pins"
87eaa964,red,"Abloy Disklock",
e92d29ad,red,"Abloy High Profile",
b29a8b44,red,"ABUS EC700 / ABUS EC800",
b8350901,red,"ABUS Plus","with butterfly discs"
4223eb26,red,"ALPHA FB","≥15 pins"
29ab2852,red,"ASSA 600","6 pin, with gin spools and matched countermilling"
e3bd3faf,red,"ASSA 700","7 pin, with gin/tree pins and matching countermilling in 4+ chambers, < 2 tree pins"
75fb1e5c,red,"ASSA dp2400 / ASSA dp10","6 pin 4 slider"
5b60be8a,red,"Australian Lock Co. BiLock","12 pins, 3-4 mastered pins"
9eb3e9c4,red,"Banham m2002",
3af2407a,red,"BKS Janus","< 14 pins"
ab1cdc56,red,"Chubb 110","5 lever"
9bb97454,red,"CISM Atlas",
add0b067,red,"Clavis T-20","15-19 pins"
c4f942f0,red,"Corbin Russwin Emhart","6 pins **"
6b06f591,red,"DOM ix Saturn",
4993a918,red,"DOM RS 8",
ff0be785,red,"Elzett Magnet",
265226b1,red,"EVVA 3KS","without false gates or 1-3 mastered sliders"
00b569f2,red,"EVVA Dual",">4 mastered elements"
6852489f,red,"EVVA ICS",">2 mastered elements"
3b797ff2,red,"FAB NZS3",
03cbfaa5,red,"Fichet 450 / Fichet 484","w/ false gates, 2-3 mastered levers"
9d7faa15,red,"Fontaine Dynaxis",
1f6cb393,red,"FTH -THIRARD FTH Surveyor",
9f613c4a,red,"GOAL v18 / GOAL GP","<14 pins"
937eb7a8,red,"GOAL Z","≥2 standard drivers"
34d27803,red,"IKON tk5 sperwellenprofil","with serrated fingerpins"
843896be,red,"IKON Verso",
0082fa4c,red,"JPM Surf / Ruko Combi Plus","6 pin with 5 side pins with 3 possible heights each"
aa4c402d,red,"Kaba 14","13+ pins"
eed91da5,red,"Kaba 20 / MIWA JN / Kaba Star","4 directions, < 15 pins"
434bdf9d,red,"Kaba Ace","≥13 pins"
0770580d,red,"Kaba experT / Kaba Quattro","<15 pins"
c8e86f14,red,"Kaba Gemini","≥13 pins"
c4484574,red,"Kaba Gemini pluS","≥14 pins"
e3081fd3,red,"Kaba Penta","<15 pins"
43deff29,red,"Kaba Star","5+ directions, <16 pins"
169b80e3,red,"Mauer Praetor B","11 lever"
cc8cfd45,red,"MIWA 3800",
9094ca58,red,"MIWA E6 / MIWA 83EC",
fdb68dc4,red,"MIWA PR","<7 unmastered levers"
550a0c9d,red,"MIWA PS / Tostem DN","7-8 unmastered levers"
31431c49,red,"MIWA U9","<8 unmastered levers"
5e090448,red,"Mottura 52","7 lever"
ae7d3780,red,"Mottura Champions C43 / Mottura Champions C44 / Mottura Champions C48",
3daff112,red,"Mottura Champions C55",
9c5f4539,red,"Picard Vigie",
9da7a5f2,red,"Robur 2391 Safe Deposit Lock","barrels 3+ chambers with matched milling"
112d0034,red,"Robur 2391 Safe Deposit Lock","gins 3+ chambers with matched milling)"
4a7db3c6,red,"Rosengrens 32A / Rosengrens 32A8","thin round center posts, few or no false gates"
63a9a2b1,red,"Ruko Combi 2","6 pin with 5 finger pins"
2ff8a738,red,"S&G 4544 / S&G 4440 series",
cf76cfde,red,"Schlage Everest 29 SL Primus XP",
80b0044b,red,"Sémag Euromag",
b5df156e,red,Tann,"10 lever"
3198fffc,red,"Tokoz Pro",
95281228,red,"U-Shin Showa NX","≥13 pins"
17d41d80,red,"Vachette Axi'Tec",
4db59eb3,red,"Vachette Radial NT / Vachette Radial NT+","≥13 pins"
131732a0,red,"Winkhaus X-Tra","9-13 pins"
6708838f,red,Xylock,
1a7a23d4,black2,"Abloy Disklock Pro",
fc627b17,black2,"Abloy Exec",
735439dd,black3,"Abloy Protec",
e87f0ca2,black3,"Abloy Protec2",
2ae6a691,black1,"Abloy Sentry",
f133510b,black1,"ASSA 700","Gin/tree pins and matching countermilling in 4+ chambers, ≥ 2 tree pins"
6e59ba12,black3,"ASSA dp4400 / ASSA dp11 / TrioVing dp / Ruko Garant+","6 pin with 10 sliders"
104776ef,black2,"ASSA Twin 6000","gin drivers, 6 stacks with 5 side pins"
fb51b475,black2,"ASSA Twin Combi","with Gin Drivers"
7168d463,black2,"ASSA Twin Combi / ASSA Triton / ASSA Neptun 4900 / TrioVing System 10 / TrioVing Twin Control / FAB Variant","6 pin with 5 finger pins"
f7ad4c89,black1,"ASSA Twin Exclusive 5700 (Baltic)","6 pin with 5 side pins with 4 possible heights each"
55053299,black1,"ASSA Twin Exclusive / ASSA Twin 6000","6 barrel drivers, 5 side pins"
3f73d2ce,black1,"ASSA Twin Maximum / ASSA Twin Pro / ASSA Twin v10 / ASSA Twin 2 / ASSA Twin Global","barrel driver, 6 stacks with 5 side pins"
c8694f3a,black2,"ASSA Twin v10","gin drivers, 6 stacks with 5 side pins"
e3058619,black1,"Australian Lock Co. Bilock","12-pins, 1-2 mastered elements"
ab1e901f,black2,"Australian Lock Co. BiLock","12-pins, 0 mastered elements"
12846cc6,black2,"Australian Lock Co. BiLock ASIO","2nd/3rd gen"
6d2555aa,black2,"Australian Lock Co. BiLock Exclusive","Picked to Control"
f09ce6b3,black1,"BKS Janus","14 or more pins"
78336fc0,black3,"Bowley Door Lock",
362d0dee,black4,"Chubb 6K174 isolator",
72215ba4,black1,"Chubb ‘Definitive’","Standard mortice"
2db935ea,black4,"Chubb ‘Definitive’","jewellery box (Steel comb leaf spring)"
234a8ca8,black2,"Clavis F-22",
7ea33803,black1,"Clavis Q-18",
48cf387f,black2,"Clavis T-20","20 pins"
c266d57b,black1,"Corbin Russwin Emhart","2+ mastered chambers **"
57fbcb1b,black1,"DOM Diamant",
3c73c705,black1,"DOM ix Twinstar",
f7452b9f,black1,"EVVA 3KS / EVVA 3KS+ / EVVA 4KS","with false gates and no mastered sliders"
1e197456,black1,"EVVA Dual","1-4 mastered elements"
533c7408,black2,"EVVA Dual","0 (zero) mastered elements"
db749615,black1,"EVVA ICS","1-2 mastered elements"
8ea170d2,black2,"EVVA ICS","0 (zero) mastered elements"
5ab25363,black3,"EVVA MCS gen 1 / EVVA MCS gen 2 / IKON M",
4abcb403,black1,"Fichet 450 / Fichet 484","w/ false gates, 1 mastered lever"
340154fa,black2,"Fichet 450 / Fichet 484","w/ false gates, 0 mastered levers"
33056c0f,black1,"Fichet F3D","indoor cylinder"
c0af45f4,black5,"Fichet F3D","outside cylinder - upgrade of indoor cylinder"
f048719a,black1,"Fichet-Bauche M2B / Fichet-Bauche M3B / Fichet-Bauche MxB",
3ca098da,black3,"GOAL Grand V",
63b2e02b,black1,"GOAL V18 / GOAL GP","14-16 pins"
109531f4,black2,"GOAL V18 / GOAL GP","≥17 pins"
5103e650,black1,"GOAL Z","<2 standard drivers"
e8c7dd5b,black2,"Hori Trident","T-spool drivers"
108549ba,black2,"IKON SK6 Sperrwelle Extra Code","6 pin with 5 finger pins"
7e967792,black1,"IKON WSW","5 sliders"
c9494ee8,black2,"IKON WSW","7 sliders, upgrade of WSW with 5 sliders"
8f99236e,black1,"Kaba 20 / MIWA JN / Kaba Star","4 directions, 15+ pins"
68b5a797,black1,"Kaba Penta","15-20 pins"
bc1509f5,black2,"Kaba Penta","21 or more pins"
f7b52501,black1,"Kaba Quattro / Kaba experT","15-20 pins"
10968d37,black2,"Kaba Quattro / Kaba experT","21 pins"
3ddfc71c,black1,"Kaba Star","5+ rows, 16-20 pins"
dfa88b94,black2,"Kaba Star","5+ rows, 21 or more pins"
f87db705,black5,"Kromer Protector",
f1857cef,black1,"Lockman Megacross","with pyramid drivers"
a2bd7f1e,black1,"MIWA LB",
d0c510c5,black1,"MIWA PR","7-8 unmastered elements"
21b61a85,black2,"MIWA PR","9-10 unmastered elements"
91f40022,black3,"MIWA PR","11 unmastered elements"
71c7270b,black1,"MIWA U9","8 unmastered elements"
d1272b9f,black2,"MIWA U9","9 unmastered elements"
649eaebc,black1,"Mul-T-Lock MT5+ / Mul-T-Lock 800 / Lockwood MT5 (not mastered) / IKON R10",
4f2ed774,black5,"NATO Mersey","10 lever"
f29a212f,black5,"NATO Mersey","14 lever"
6c0ec943,black4,"Opnus Memolis",
e151c916,black4,"Opnus MMXII",
5cba063b,black2,"Robur Disc Detainer SDB lock",
db63c882,black1,"Rosengrens 32A81S / Rosengrens 32C81P","triangular central posts and many false gates"
00cf7717,black1,"Sargent Keso",
69668831,black2,"Tann Detector / Chubb Detector from 1950's",
e4bb0668,black1,"UrbanAlps Stealth Key SK1",
284bf0b0,black1,"UrbanAlps Stealth Key SK2",
93e4cf5f,black1,"Walsall Locks Walsall 2000","5 lever"
23437955,black1,"WEST 917",
5a4310d5,black5,"Western Electric 30C",
d1a5cd90,black1,"Winkhaus X-Tra","≥13 pins"
a8e79394,black2,"Yanai R 2200M",
0b604114,black5,"Yuema 750 / Forte Enigma",
3b7643da,unranked,"ABA 108418",
a17a6cf3,unranked,"ABA Pagoda",
9ae8b650,unranked,"Abloy AVA",
12ff8c25,unranked,"Abloy Easy",
71ca74d0,unranked,"Abloy Novel",
cad3eff0,unranked,"Abloy Sento",
0feafca7,unranked,"ABUS 5/45 Silver Rock",
d005e7b8,unranked,"ABUS P1R",
b370e57b,unranked,"ABUS Vela 2000 Mx",
c9d6d06d,unranked,"ABUS X-Plus",
9423b4a4,unranked,"Alpha 1000","10mm (2pins)"
d000f733,unranked,"Alpha 1000","15mm up to 35mm (3pins)"
82ea52a4,unranked,"Alpha 1000","40mm up to 45mm (4pins / spools)"
bac43ba7,unranked,"Alpha 1000","50mm 60mm (5pins / spools)"
05298f91,unranked,"Alpha ED","cam lock"
dbc1279d,unranked,"An Jia Bao / HPP",
fd93632b,unranked,Angal,"5 serrated pin-in-pin"
c2db34fb,unranked,"Arrow ChoICe HS SFIC",
f8445741,unranked,"ASSA 500","with Barrel drivers and matched sleeve"
ef4e0295,unranked,"ASSA 700","with Gin drivers and matched sleeve"
ee04714f,unranked,"BASI K6-RT",
e35772c9,unranked,"Bowley Rotasera",
35adb4d6,unranked,"Burgwächter Profi 116/30",
85591581,unranked,"Capitol magnetic cam lock",
0813d39e,unranked,"CAVEO TS007 Exterior",
60964e9f,unranked,"CAVEO TS007 Interior",
267e47c4,unranked,"Chubb 6k202","7 lever with anti-pick"
a832e82d,unranked,"Cisa 285",
22d70f2e,unranked,"Cisa 810",
0e5adf31,unranked,"Clavis 10 pin","dual row, all spools"
4d738de3,unranked,"Crown no.100","solid brass padlock 5-Pin"
bf43348b,unranked,"Emhart Cam Lock - 5 pin",
abe6074c,unranked,"Ezcurra DS-15",
b5e210ec,unranked,"FAB Control",
10ab07eb,unranked,"Fichet 787",interior
d6e6039e,unranked,"Fichet-Bauche M2i",
3bd433d7,unranked,"Fichet-Bauche Monopole",
a57c1e9b,unranked,"FTH Pacific",
b379e483,unranked,"GEGE MRT",
88085257,unranked,"Gera 3500",
1575614d,unranked,"GLK 60G50","60mm padlock"
63a898da,unranked,"GLK G10",
6b220699,unranked,GSK,"dual row sidebar lock"
93324d19,unranked,"Helason ","16-pin round key"
4c90dcbd,unranked,"Hong Dun model undefined","security pinned dimple with sliders"
97e1ae9f,unranked,"Hori Trident","standard pins"
49b2c746,unranked,"Hori Trident",spools
9b94b1c0,unranked,"iNAHO Tierkey","3 row, short format"
a7d98df3,unranked,"Kaba Gemini T","≥13 pins"
281aa393,unranked,"Kromer Novum",
c65959a3,unranked,"La Gard 2270",
728d4aa0,unranked,"Lips 8300",
380aeb89,unranked,"Mailboss ""12"" wafer mailbox camlock",
f74e0e97,unranked,"Marks high security SFIC",
8f7f1830,unranked,"Master Lock #19",
7b69a331,unranked,"Master Lock 160",
8d67f9b7,unranked,"Master Lock 1921D ""100 Anniversary"" Padlock",
237f29c9,unranked,"Master Lock EURD1165",
01c9e8d1,unranked,"Medeco KeyMark",
00a2ff18,unranked,"Medeco M4",
0684a655,unranked,"Medeco X4",
e6872b30,unranked,"Mindy AF 8-50 smiley dimple padlock",
06a28ac7,unranked,"Mindy Pagoda AF 16-50","(flat key)"
c511cc75,unranked,"Ming Gao",
31cd85d7,unranked,"Miwa SR",
fd2b533e,unranked,"Mul-T-Lock Classic Pro",
a780c0dd,unranked,"Mul-t-Lock Classic / Mul-t-Lock Interactive","4 pins, spooled drivers"
7e13b0a7,unranked,"Mul-t-Lock Classic / Mul-t-Lock Interactive","4 pins, serrated drivers"
1798ca06,unranked,"Mul-T-Lock Interactive","4 pins, spooled drivers"
1ee9600e,unranked,"Nagasawa kcy-7x","12 pin"
f8aaa0ef,unranked,"Opnus TZ","3 rows"
3af6c54b,unranked,"Opnus ZX",
9637ddde,unranked,"Rav Bariach Dynamic","with sliders"
5646568c,unranked,"Rosengrens RKL-10",
6dd5a34b,unranked,"Ruko Combi 900",
347bd804,unranked,"S&G 4440",
894238be,unranked,"S&G 6870",
4403a73f,unranked,"Securemme Evo K64",
97baf67b,unranked,"SOL 2500","10mm (2pins)"
0d0bf1a5,unranked,"SOL 2500","15mm up to 35mm (3pins)"
29d423c8,unranked,"SOL 2500","40mm up to 45mm (4pins / spools)"
53365ed3,unranked,"SOL 2500","50mm up to 70mm (5pins / spools)"
a77899fe,unranked,"Takigen T-999","9 pins-standards in two opposing rows"
174e20c0,unranked,"Takigen Wavelock disc detainer / Clover Wavelock disc detainer","9 discs"
0bc03ee8,unranked,"TESA T-12",
9a99a0a7,unranked,"Trelock SUPER Padlock",
95a9b042,unranked,"U-Shin Showa X Key",
ab1e3974,unranked,"Vachette Radial","18 or more pins"
90b4ade7,unranked,"Voga X18",
fa9fb7e1,unranked,War-Lok,
1220174e,unranked,"WEST YKK AP",
288c8f6e,unranked,"Wilka 3700",
10679814,unranked,"Wilka Primus VX",
c4a2fbe5,unranked,Wilson,"18 pins"
efca4bf9,unranked,"Yale 1500",
a42a815e,unranked,"Yale 2000 Plus",
7164f69d,unranked,"Yale 2100",
e16080de,unranked,"Yale Bicentric",
0757b1ed,unranked,"Yardeni 10",
2b6dd267,unranked,"Yardeni Super XL",
a7ffa199,unranked,"Yardeni XL",