White,Any,"Acrylic Padlock",,Various,,,07034c0f
White,Any,"China Padlock (granite look)",,Pin-tumbler,Unguttable,,3ac43ea8
White,Any,"Cutaway Lock",,Various,,,901b35b2
White,Any,"lock with any tool",,Various,,,b22bdd44
White,ABUS,45,"laminated padlock",Pin-tumbler,Unguttable,,5ff7457c
White,ALPHA,1000,"10mm (2pins)",Pin-tumbler,,,9423b4a4
White,ALPHA,1000,"15mm up to 35mm (3pins)",Pin-tumbler,,,d000f733
White,"Brüder Mannesmann","Brass Padlocks","<50mm (<5pins)",Pin-tumbler,Unguttable,,8cb1a776
White,Generic/Unknown,"1 or 2 Lever Cabinet lock",,Lever,"Cabinet lock",,5dc117cd
White,"Master Lock",#1,,Pin-tumbler,Unguttable,,5a91e6a5
White,"Master Lock",#2,"laminated brass",Pin-tumbler,Unguttable,,38289b36
White,"Master Lock",#3,,Pin-tumbler,Unguttable,,562e964e
White,"Master Lock",#4,"laminated brass",Pin-tumbler,Unguttable,,dff62f52
White,"Master Lock",#5,,Pin-tumbler,Unguttable,,c800618f
White,"Master Lock",#6,"laminated brass",Pin-tumbler,Unguttable,,f10deed6
White,"Master Lock",#7,,Pin-tumbler,Unguttable,,4bbeeb48
White,"Master Lock",#8,"laminated brass",Pin-tumbler,Unguttable,,79adf554
White,Timpson,"Special Brass Padlock",,Pin-tumbler,Unguttable,,36d4123c
White,Tri-Nine,"Brass Padlock",,Pin-tumbler,Unguttable,,2201a1b1
Yellow,ABUS,55/30,,Pin-tumbler,Unguttable,,c7d2eca1
Yellow,ABUS,64Ti/30,"30mm or smaller (<5 pins)",Pin-tumbler,Unguttable,"Includes 64Ti/20, 64Ti/25, 64Ti/30",693abee0
Yellow,ABUS,65/35,"35mm or smaller",Pin-tumbler,Unguttable,,1ce31c29
Yellow,ABUS,84/35,,Pin-tumbler,Unguttable,,805fc883
Yellow,ABUS,"MyLock / T65AL",,Pin-tumbler,Unguttable,,423dbebe
Yellow,ABUS,"Nautic T84MB/40",,Pin-tumbler,,,9d830052
Yellow,ACE,"Laminated padlock","40mm or larger, 4 pins",Pin-tumbler,Unguttable,,abdf3acd
Yellow,ALPHA,1000,"40mm up to 45mm (4pins / spools)",Pin-tumbler,,,82ea52a4
Yellow,"American Lock",5200,"bump stop model: all standards + 1 anti-bump pin",Pin-tumbler,,"The bumpstop model of the American Lock 5200 can be distinguished by the rounded shape of the bow of its key, compared to the angular shape of the non-bumpstop.",a0d1bf97
Yellow,,ARFE,,Pin-tumbler,Unguttable,,a1581afe
Yellow,BASI,CO,,Pin-tumbler,,,aa15b066
Yellow,BASI,ST,,Pin-tumbler,,,7b4ce02a
Yellow,,Befa,,Pin-tumbler,,,32244161
Yellow,,Braslok,,Pin-tumbler,Unguttable,,d6d43c00
Yellow,Brinks,"164 padlock",,Pin-tumbler,Unguttable,,d974b48f
Yellow,Brinks,"Brass Padlocks",,Pin-tumbler,Unguttable,,58307da0
Yellow,Brinks,"Laminated Padlock","Pin-Tumbler only, 40mm or larger, Weatherproof or not",Pin-tumbler,Unguttable,,9215a45f
Yellow,"Brinks,Brinks","R70 disk lock,R80 disk lock",,Pin-tumbler,Unguttable,,a8c9aa08
Yellow,"Brüder Mannesmann","Brass Padlocks","50mm or larger (≥5 pins)",Pin-tumbler,Unguttable,,1cad075e
Yellow,,BSS,,Pin-tumbler,,,50fbf666
Yellow,"Burg Wächter","""Alutitan"" 770 40",,Pin-tumbler,Unguttable,,4d7dd1a0
Yellow,"Burg Wächter,Burg Wächter","""C-Line"" 222 30,""C-Line"" 222 40",,Pin-tumbler,Unguttable,,6ca3420d
Yellow,"Burg Wächter","""Look"" 402 40",,Pin-tumbler,Unguttable,,7f56acb9
Yellow,"Burg Wächter","""SecuLock"" 405 40",,Pin-tumbler,Unguttable,,b517a7ef
Yellow,"Burg Wächter","""Yacht"" 460 Ni 40",,Pin-tumbler,Unguttable,,9a5b3f53
Yellow,,Börkey,,Pin-tumbler,,,90267144
Yellow,,Citadel,,Pin-tumbler,,,4938772f
Yellow,Dulimex,DX,,Pin-tumbler,,,a8d996c0
Yellow,Eagle,37110,,Pin-tumbler,,,2f634d15
Yellow,Egret,"5-pin Padlock",,Pin-tumbler,Unguttable,,75d883a0
Yellow,ERA,Mortice,"2 lever",Lever,"Mortice,Pin key,False gates",,c2306424
Yellow,,Esco,,Pin-tumbler,,,71eea804
Yellow,,Faithfull,,Pin-tumbler,,,1376f489
Yellow,,FF,,Pin-tumbler,,,5e3f057f
Yellow,Generic/Unknown,"3 Lever Cabinet lock",,Lever,"Cabinet lock",,ba5584ca
Yellow,Generic/Unknown,"3 Lever Mortice lock",,Lever,,,be3fef00
Yellow,GEZE,Standard,"5 standard pins",Pin-tumbler,,,6a51a8b7
Yellow,GLK,60G50,"60mm padlock",Pin-tumbler,,,1575614d
Yellow,GLK,G10,,Dimple,,,63a898da
Yellow,,Guri,,Lever,,,234de3bc
Yellow,Heracles,y7,,Dimple,,,7a7833f3
Yellow,IFAM,"Start 50 Padlock",,Pin-tumbler,,,033f8958
Yellow,ISEO,F3,,Pin-tumbler,,,d98f267e
Yellow,,Koala,,Pin-tumbler,,,7eaffc73
Yellow,"Lockwood,Lockwood","312,412",,Pin-tumbler,Unguttable,,098cc99c
Yellow,MAKO,227,,Pin-tumbler,Unguttable,,7c79137c
Yellow,"Master Lock",130,,Pin-tumbler,Unguttable,,866660d6
Yellow,"Master Lock,Master Lock","140,141",,Pin-tumbler,Unguttable,,2455f0ae
Yellow,"Master Lock",930,,Pin-tumbler,,,759d0d0f
Yellow,"Master Lock",DG,,Pin-tumbler,Unguttable,,df703850
Yellow,"Master Lock",Magnum,,Pin-tumbler,Unguttable,,d5053e6d
Yellow,"Master Lock","V-line 4140",,Pin-tumbler,Unguttable,,6af6f704
Yellow,,Metal,,Pin-tumbler,,,6c365304
Yellow,,"Multi XL",,Pin-tumbler,,,8824c0e5
Yellow,,Santos,,Pin-tumbler,,,8e2d57b1
Yellow,Schlage,"Original Commercial/Residential",,Pin-tumbler,,,40f7d7c7
Yellow,"Smith and Locke","1634G Non-British Standard","3 lever",Lever,"Mortise,Pin key",,d4299b24
Yellow,Squire,440,"4 lever, pin key",Lever,"Padlock,Pin key,Curtain",,a460c971
Yellow,Squire,660,"4 lever",Lever,"Padlock,Pin key,Curtain",,920b7da1
Yellow,Squire,Defiant,"5 lever",Lever,"Padlock,Pin key,Curtain",,ed713b97
Yellow,,Stabilit,,Pin-tumbler,,,9fd77c9a
Yellow,,Wolfdog,,Pin-tumbler,Unguttable,,4b32e9dd
Orange,ABUS,45/40,"brass body, 40mm or larger",Pin-tumbler,Unguttable,,67b285d9
Orange,ABUS,"5/45 Silver Rock",,Pin-tumbler,,,0feafca7
Orange,ABUS,"54TI/50 Titalium",,Pin-tumbler,Unguttable,,16e9d2ab
Orange,ABUS,55/40,"40mm or larger",Pin-tumbler,Unguttable,,632f4069
Orange,ABUS,60/50,,Pin-tumbler,Unguttable,,d7188e81
Orange,ABUS,"64Ti Titalium","40mm or larger (≥5 pins)",Pin-tumbler,Unguttable,,52f1e117
Orange,ABUS,65/40,,Pin-tumbler,Unguttable,,a0e50505
Orange,ABUS,82/63,,Pin-tumbler,"Latest changelog",,f6ef12e5
Orange,ABUS,83/40,,Pin-tumbler,,,3653f376
Orange,ABUS,85,,Pin-tumbler,Unguttable,,683e4f33
Orange,ABUS,"Buffo (Ecoline)",,Pin-tumbler,,,d7479fd6
Orange,ABUS,C51,,Pin-tumbler,,,afd3e51d
Orange,ABUS,Cisa,,Pin-tumbler,,,bc1ed715
Orange,ABUS,Diskus,"normal pin-tumbler, not dimple",Pin-tumbler,,,80667814
Orange,"ABUS,Citadel","E50,N",,Pin-tumbler,,,1dc9f802
Orange,ABUS,Monobloc,,Pin-tumbler,,,204d85a7
Orange,ABUS,"Ti12 Titalium",,Pin-tumbler,,,1050a58c
Orange,ACE,Tubular,,Pump/push,,,bf8970de
Orange,ALPHA,1000,"50mm 60mm (5pins / spools)",Pin-tumbler,,,bac43ba7
Orange,BAB,DESS5,,Pin-tumbler,,,9ea2c500
Orange,BASI,AS,,Pin-tumbler,,,46ec197e
Orange,BASI,V50,,Pin-tumbler,,,1bba03a6
Orange,Brinks,"House Key",,Pin-tumbler,,,d49f60fe
Orange,"Burg Wächter",Boccia,,Dimple,Unguttable,,171f76e9
Orange,CES,KB,,Pin-tumbler,,,1a8afeac
Orange,CES,PS5,,Pin-tumbler,,,53732c41
Orange,CISA,220/50,,Pin-tumbler,,,b7b0fdbd
Orange,Cocraft,"6-Pin Padlock","non-guttable version",Pin-tumbler,Unguttable,,3b3e78b0
Orange,Commando,Peacemaker,,Pin-tumbler,Unguttable,,606275d8
Orange,Corbin,"Arco Cromato",,Pin-tumbler,Unguttable,,99057c44
Orange,DOM,RN,"standard cylinder",Pin-tumbler,,"Pinning does not meet the requirements for either Green or Blue Belt versions",2b948dc5
Orange,Eclipse,"(any model)","British Standard - 5 lever, 2007+",Lever,"Mortise,Pin key,Curtain,False gates",,677afce6
Orange,"Eurospec (E*S)",Easi-T,"British Standard - 5 lever, Brass key, 2004+",Lever,"Mortise,Pin key,Curtain,False gates",,26315d0f
Orange,FAB,100,,Pin-tumbler,,,140d2878
Orange,FAB,Control,,Pin-tumbler,,,b5e210ec
Orange,Fanal,"5-pin padlock",,Pin-tumbler,Unguttable,,5802cfb9
Orange,,FCV,,Pin-tumbler,,,0795d01a
Orange,,FUG,,Pin-tumbler,,,d7c8eec1
Orange,,FXL,,Pin-tumbler,,,0756b9e9
Orange,Garrison,"40mm Brass Padlock",,Pin-tumbler,,,5b5c6a9e
Orange,GTV,Padlock,,Pin-tumbler,,,ed0e0d36
Orange,Heracles,5G,,Pin-tumbler,,,3e5236c7
Orange,IKON,DS,,Pin-tumbler,,,2bdcb8c7
Orange,ISEO,F5,"4 or 5 pin",Pin-tumbler,"Latest changelog",,d261a3ba
Orange,Kasp,"160 series Diskus",,Pin-tumbler,,,9bc8809e
Orange,LOB,Standard,,Pin-tumbler,,,4f0e4a4b
Orange,Lockwood,110/40,,Pin-tumbler,,,a5a164ad
Orange,Lockwood,120/30,,Pin-tumbler,,,b8e2aa32
Orange,Mailboss,"""12"" wafer mailbox camlock",,Wafer,,,380aeb89
Orange,"Master Lock","1145 - 1165D",,Dimple,,,237f29c9
Orange,"Master Lock",150,,Pin-tumbler,Unguttable,,efc01233
Orange,"Master Lock","1921D ""100 Anniversary"" Padlock",,Pin-tumbler,,"4 pins all spools",8d67f9b7
Orange,"Master Lock",532,,Pin-tumbler,Unguttable,,e2e15f47
Orange,"Master Lock,Master Lock,Master Lock","570,575,576",,Pin-tumbler,"Unguttable,Picking Risk","Due to unbalanced stacks, drivers may rest below shear, risking damage to the springs if that chamber is not picked.",9ca2c109
Orange,"Master Lock","V-line 4150",,Pin-tumbler,Unguttable,,9441e2cc
Orange,Schlage,"Original F-series KiK with collapsible bible",,Pin-tumbler,,,50fdf847
Orange,,SIB,,Pin-tumbler,,,74f65a9c
Orange,,SMB,,,,,029fef1f
Orange,,SOLXD,,Pin-tumbler,,,0754f036
Orange,,Starlet,,Pin-tumbler,,,f2a8a932
Orange,TESA,TE-5,,Pin-tumbler,"Tapered drivers",,7d9d715d
Orange,Trelock,"Euro Cylinder",,Pin-tumbler,,,7b65effd
Orange,,Trimas,,Pin-tumbler,,,ecd83598
Orange,,Urbis,,Pin-tumbler,,,1be21a18
Orange,Wilka,"standard profile","5 pin",Pin-tumbler,,,07d4fec6
Orange,Winkhaus,AZ,,Pin-tumbler,,,8c0171f9
Orange,Winkhaus,"VS 5","5 pin",Pin-tumbler,"Trap element",,ab17daa6
Orange,Yale,112,,"Disc detainer",,,222bd1fa
Orange,Yale,122/50,,Pin-tumbler,,,fb246ac0
Orange,Yale,125/40,,Pin-tumbler,Unguttable,,0f0dcd42
Orange,Yale,"5 lever sashlock","5 Lever",Lever,"Mortise,Pin key,Curtain,False gates",,fb3daa70
Orange,Yale,Mortise,,Pin-tumbler,,,db1040e5
Orange,Yale,"Y110 series brass padlock","all formats 40mm or larger (includes Y113 and Y114, excludes iron body disc detainer Y112)",Pin-tumbler,Unguttable,,98a2ba2d
Orange,Yale,"Y120 series brass padlock","all formats",Pin-tumbler,Unguttable,,ea6539c8
Green,ABUS,72/40,"Guttable version. Unguttable version is not yet ranked.",Pin-tumbler,"Picking Risk","Due to unbalanced pin stacks, drivers in max lift chambers will rest below shear. This risks spring damage if the driver is not picked.",74a00ae3
Green,ABUS,"74/40 LOTO",,Pin-tumbler,Unguttable,,e42853c7
Green,ABUS,76/40,,Pin-tumbler,Unguttable,,47e7cf73
Green,ABUS,"80TI Titalium",,Pin-tumbler,Unguttable,,e1625c4d
Green,"ABUS,ABUS","A90,C95","new pinning like C83, but 1-2 standard anti-drill stacks",Pin-tumbler,,,e8bc5023
Green,ABUS,"Brady 71/40 LOTO (Lock Out Tag Out)",,Pin-tumbler,,,9da8ebe0
Green,"ABUS,ABUS,ABUS","C73,C83,C90","old pinning: mostly standard keypins, 4 spools, 1 serrated pin",Pin-tumbler,,,95a9d73c
Green,ABUS,D6,,Dimple,,,f97700ff
Green,ABUS,"EC75 75/30",,Dimple,Unguttable,,2484ce70
Green,"ABUS,ABUS","EC750,EC850","spool pin version, not 700/800",Dimple,,,cf5bd73b
Green,ABUS,GDS,"with trees and tapered pins",Pin-tumbler,"Xmas tree drivers",,13b06cba
Green,"ABUS,ABUS","Integral,Pfaffenhain Integral",,Pin-tumbler,,,f8acc274
Green,ABUS,KW14,"partially pinned (< 5 side elements)",Pin-tumbler,,,53796b40
Green,ABUS,"Magtec 1500",,"Pin-tumbler,Magnet","Magnetic pins,Trap element",,5c5a2309
Green,ABUS,"Pfaffenhain Standard",,Pin-tumbler,,"5-pin version requires Pfaffenhain barrel pin, otherwise orange",f488f48e
Green,"ABUS,ABUS,ABUS,ABUS,ABUS,ABUS","V14,XV14,Y14,Vitess 1000,Vitess 2000,Vitess 4000","5-pin version",Pin-tumbler,,,bc6837f8
Green,ABUS,W14,,Pin-tumbler,,"5-pin version requires Pfaffenhain barrel pin, otherwise orange",304df868
Green,"ABUS,ABUS","WavyLine Pro,Pfaffenhain WavyLine Pro",,"Pin-tumbler,Sidepins",,,c4130a64
Green,"ABUS,ABUS","WavyLine,Pfaffenhain WavyLine",,Pin-tumbler,,,b0076ed7
Green,ABUS,XD25,,Dimple,,,1b10225b
Green,ABUS,Xp10,,Pin-tumbler,,,9adbc90f
Green,ACE,A527,,Pin-tumbler,,,3af47daf
Green,ACE,"Brass Padlock","38mm or larger",Pin-tumbler,Unguttable,,1dafd552
Green,ACE,"Laminated padlock","44mm or larger, 5 pins",Pin-tumbler,Unguttable,,200605b9
Green,"American Lock","1100 / A1100",,Pin-tumbler,,,2ae1e0b8
Green,"American Lock",1160,"1100 but with 6 pin stacks",Pin-tumbler,,,1ae40987
Green,"American Lock","2000 puck lock",,Pin-tumbler,,,b16ffe3f
Green,"American Lock",5200,,Pin-tumbler,,"The standard, non-bumpstop model of the American Lock 5200 can be distinguished by the angular shape of the bow of its key, compared to the rounded shape of the bumpstop keybow.",81fbd528
Green,"American Lock","700 / A700",,Pin-tumbler,,,6f954c60
Green,"American Lock",Clone,,Pin-tumbler,,,b3af5e62
Green,"American Lock",S1100,,Pin-tumbler,,,5a6170fb
Green,"An Jia Bao,HPP,Ming Gao","padlock,padlock,padlock","5-6 disc generic disc detainer padlock with same style keybow","Disc detainer",,,dbc1279d
Green,"ASSA,Ruko","500,500","graduated spools",Pin-tumbler,"Graduated spools",,e84582aa
Green,"ASSA,Ruko","500,500","tapered drivers",Pin-tumbler,"Tapered drivers",,0b82681f
Green,AXA,Clinch,,,,,e2fd1519
Green,"Bab IKON",DS,,Pin-tumbler,,,ca6ce763
Green,"Bab IKON",P031,,Pin-tumbler,,,bfc7c700
Green,BASI,3AX,,Pin-tumbler,,,bea71188
Green,BASI,"AS Pro",,Pin-tumbler,,,27f1aaae
Green,"BASI,Titan","BM,i6",,Dimple,"DOM torpedos and drivers",,747c00fd
Green,BASI,CX6,,Dimple,,,a6e954a6
Green,BASI,V55,,Dimple,,,59f78114
Green,,"BiLock Clone",,Pin-tumbler,,,b099c88a
Green,"BKS,BKS","51 (Livius),51-SL (Livius)",,Pin-tumbler,,"The BKS 51-SL is distinguished by a side mechanism",569dd487
Green,BKS,88,,Pin-tumbler,,"Also known as BKS PZ 88",135ef1c0
Green,BKS,"Detect 3","no active sidebar",Pin-tumbler,,,ec0a2659
Green,BKS,Helius,,Pin-tumbler,,,4bc2b65a
Green,Brady,SafeKey,,Pump/push,,,e957e0d6
Green,Bricard,Serial,,Pin-tumbler,,,3b26e53c
Green,"Burg Wächter",Atlantic,,Pin-tumbler,Unguttable,,14f021bb
Green,"Burg Wächter",Karat,,Pin-tumbler,Unguttable,,bd9dc1e4
Green,"Burg Wächter","Profi 116/40",,Pin-tumbler,Unguttable,,dd155241
Green,CCL,"Sesamee 900 series",,Pin-tumbler,Overmilling,,1fbf6a7a
Green,CES,Standard,,Pin-tumbler,,"Also known as CES 810",826fc531
Green,CES,"with dustcover",,Pin-tumbler,,,83ac6e00
Green,CES,"WM 5",,Dimple,,,43fd87ae
Green,CES,WZ,,Dimple,,,e89aa47e
Green,Chateau,"C970 disk padlock",,Pin-tumbler,Unguttable,,20f3575c
Green,CISA,285,,Pin-tumbler,,,a832e82d
Green,Commando,"IC3 Tactical",,Pin-tumbler,Unguttable,,9d478029
Green,Commando,Marine,,Pin-tumbler,Unguttable,,f7f31800
Green,"Corbin Russwin","Master Ring",**,Pin-tumbler,,"** Green if picked to one shearline. Check the SFIC filming requirements in the [Reddit belt ranking page](https://www.reddit.com/r/lockpicking/wiki/beltranking/#wiki_sfic_filming_requirements).",73a718cb
Green,Corbin,"Standard cylinder",,Pin-tumbler,,,96bb2cf7
Green,Corona,Cylinder,,Pin-tumbler,,,6c9a666e
Green,Corona,M,,Pin-tumbler,,,6b472dc2
Green,"Digby Lock and Tool",Bravo,,Pin-tumbler,,,19573781
Green,DOM,"ix 5 N",,Dimple,,,04970fee
Green,"DOM,DOM","RN,R","standard cylinder",Pin-tumbler,,"with either 3 spools or dom pin and torpedo, otherwise counts only as orange",eaba4dd9
Green,DOM,"RS 5",,Pin-tumbler,,,5241369e
Green,Dény,"3 lever with trapdoor",,Lever,,,204066fa
Green,,Elca,,Pin-tumbler,,,8e18bd5f
Green,ERA,Invincible,"5 lever",Lever,"Mortise,Pin key,Curtain,False gates","**Not** the pin-tumbler lock of the same name",9bf13231
Green,ERA,Pro-Fit,"5 lever",Lever,"Mortise,Pin key,Curtain,False gates",,2ec75ab7
Green,ERA,Viscount,"5 lever",Lever,"Mortise,Pin key,Curtain,False gates",,6ad7add4
Green,EVVA,FPS,,Pin-tumbler,,,6a870d80
Green,EVVA,"Standardcylinder (Normalprofil)",,Pin-tumbler,,,b5a5e9a5
Green,EVVA,TSC,,Pin-tumbler,,,9406020f
Green,FAB,200RS,,Pin-tumbler,,,cd0c2ff9
Green,"Federal Lock",5Y3110,,Pin-tumbler,,,13b55a25
Green,"Federal Lock",6Y3110,,Pin-tumbler,,,e98b5ae7
Green,FJM,Padlock,,"Disc detainer",,,639c4f0b
Green,"Gege,Alfa","AP 1000,""AP 1000""",,Pin-tumbler,,,3129ee7e
Green,Generic/Unknown,"4 Lever Curtained lock",,Lever,Curtain,,0e97c099
Green,Generic/Unknown,"4 Lever Uncurtained lock",,Lever,Uncurtained,,d46ac711
Green,greenteQ,Standard,6-pin,Pin-tumbler,,,c2125761
Green,GTV,APS,,Pin-tumbler,,,07151e91
Green,GTV,Dimple,6-pin,Dimple,,,156734db
Green,,"Guett Dern",,,,,3316c7d0
Green,IKON,"K2 (with IKON Core)",,Pin-tumbler,,,648a3742
Green,IKON,N1,,Pin-tumbler,,"IKON AKA Zeiss IKON - more info on [Lockwiki](https://www.lockwiki.com/index.php/IKON)",b25e23fd
Green,IKON,P031,,Pin-tumbler,,"IKON AKA Zeiss IKON - more info on [Lockwiki](https://www.lockwiki.com/index.php/IKON)",9a972905
Green,ISEO,"MC 6500",,"Dimple,Magnet","Magnetic pins",,f8254416
Green,ISEO,MC5,,"Pin-tumbler,Magnet","Magnetic pins",,95902951
Green,ISEO,R6,,Dimple,,,54087329
Green,Kaba,Micro,,Dimple,,,c81ca385
Green,,"Kai Kai",,,,,14db6dbd
Green,"Kale Kilit","164 CE",,Dimple,,,62f3dc5c
Green,Kasp,14040,,Pin-tumbler,,,14ece36b
Green,,Kenaurd,"pin-in-pin, 4 pins",Dimple,Pin-in-pin,,7ec79663
Green,Kryptonite,"6-pin padlock",,Pin-tumbler,,,1c002521
Green,Lockwood,120/40,,Pin-tumbler,Unguttable,,5f0834f5
Green,Lockwood,234B45,,Pin-tumbler,,,3eced659
Green,Lockwood,334B45,"tapered/beveled drivers",Pin-tumbler,"Tapered drivers",,ae023398
Green,MAKO,425,,Pin-tumbler,,,af98761d
Green,MAKO,427,,Pin-tumbler,,,cba41cb7
Green,"Master Lock","410 LOTO (Lockout Tagout)",,Pin-tumbler,Unguttable,,c942490e
Green,"Master Lock",6835,,Pin-tumbler,,,366d5f50
Green,"Master Lock",911,,Pin-tumbler,,,b1915ecd
Green,"Master Lock",931,,Pin-tumbler,,,cb471080
Green,"Master Lock","Pro Series",,Pin-tumbler,,,2bf16de8
Green,"Master Lock","S32 LOTO (Lockout Tagout)",,Pin-tumbler,Unguttable,,efbc853f
Green,"Mauer,Mauer","Elite 1,Elite 2",,Dimple,,,b8f4f5f5
Green,Mauer,"MLS Redline",,Pin-tumbler,,,e5a61936
Green,MCM,SCX,,Dimple,,,1f4e3e05
Green,Morgan,"Non British Standard","5 levers, brass key",Lever,"Mortise,Curtain",,66f5175a
Green,Mottura,"Champions C10",,Dimple,,,4f8a20de
Green,"Mottura,Mottura,Mottura","Champions C30,Champions C31,Champions C39",***,"Dimple,Magnet","Magnetic pins","*** **Special Picking Requirement:** Must be picked with the bible oriented down",3700d537
Green,Mul-T-Lock,7X7,,Dimple,,,abf55188
Green,PACLOCK,100A,"6-pin version of the 90A PRO",Pin-tumbler,,,c7f1add4
Green,PACLOCK,100G,,Pin-tumbler,,,0fb9a3c8
Green,PACLOCK,90A,,Pin-tumbler,,,8ad36e8a
Green,PACLOCK,95G,,Pin-tumbler,,,31d68cd1
Green,PACLOCK,UCS,,Pin-tumbler,,,f54c8493
Green,Sargent,Mortise,"standard pins",Pin-tumbler,,,4071176d
Green,Sargent,Mortise,"with security pins",Pin-tumbler,,,8f3f18d8
Green,Schlage,Everest,,Pin-tumbler,,,ea1d1d8c
Green,Sepa,5000,,Dimple,,"Three row dimple lock",a8fd470a
Green,"Solon Super-Lock Company","Nix Pix",,"Pump/push,Slider",,,2e5eeddb
Green,Squire,440,"4 lever, pipe key",Lever,"Padlock,Pipe key,Uncurtained",,44bdfa06
Green,Tokoz,Beta,,Pin-tumbler,Unguttable,,5260b396
Green,Unity,"Disc Detainer Padlock",,"Disc detainer",,,06353788
Green,Vachette,"Standard cylinder",,Pin-tumbler,,,4f0fbb3f
Green,Viro,"Palladium PV",,"Dimple,Slider,Sidebar","Active sidebar,Sprung sliders",,9b7d3001
Green,Wetzel,Pfaffenhain,,Pin-tumbler,,,ba627c40
Green,Wilka,1400,"6 pin",Pin-tumbler,,,8cc092f5
Green,Wilka,3600,,Dimple,,,736386f4
Green,Wilka,3VE,,Dimple,,,9b275fcc
Green,Wilka,"PR100 Series","6 pin",Pin-tumbler,"Active element",,7dd6dfc2
Green,Winkhaus,RAP,,Pin-tumbler,,,69c4dbf2
Green,Winkhaus,RAP+,,Pin-tumbler,,,574e9854
Green,Winkhaus,VS,6-pin,Pin-tumbler,,,de53cff7
Green,Winkhaus,XR,,Pin-tumbler,,,0e1cabed
Green,Winkhaus,ZRV,,Pin-tumbler,,,a609fdb1
Green,Winkhaus,ZRV6,,Pin-tumbler,,,bd9e85b5
Green,"Yale,Yale","1000,1500",,Dimple,,"1 tapered spool and 5 tapered drivers , keypins tapered as well",efca4bf9
Green,Yale,210C/51,,Pin-tumbler,,,1105b55d
Green,Yale,500+,"without overmilling",Pin-tumbler,,,37951bc4
Green,Yardeni,6,,Dimple,,,34532c45
Green,Zarker,J45/J45S,,"Disc detainer","Rear tension","Can be front tensioned and counterrotated",4f6bcdb7
Blue,Any,"HQ High Security Interactive clone","4 pins",Dimple,"Pin-in-pin,Interactive element",,c1d09460
Blue,Any,"SFIC format lock",**,Pin-tumbler,,"** Blue if picked to one shearline. Check the SFIC filming requirements in the [Reddit belt ranking page](https://www.reddit.com/r/lockpicking/wiki/beltranking/#wiki_sfic_filming_requirements).",c6529d9c
Blue,"ABUS,ABUS","75/50,75IB/50",,Dimple,Unguttable,,9ec8706c
Blue,"ABUS,ABUS,ABUS","Bravus 1000,Bravus 2000,Bravus 3000",,Dimple,"Trap element","Requires 360° picking: these locks have traps that require some work to pick",ea0efaca
Blue,"ABUS,ABUS,ABUS","C73,C83,C90","new pinning: security keypins + serrated and spooled t-pins",Pin-tumbler,,,85d93eb1
Blue,ABUS,D10,,Dimple,,,f96de7cc
Blue,"ABUS,ABUS,ABUS,ABUS,ABUS,Wuerth","E20,E30,E60,E70,E90,NP (6-pin)",,Pin-tumbler,,,5c0d870b
Blue,"ABUS,ABUS","EC550,EC660",,Dimple,,,7130d7c3
Blue,"ABUS,ABUS","EC750,EC850","T-spools and recessed pins version, not 700/800",Dimple,,,3515caae
Blue,"ABUS,ABUS,ABUS","EC880,P12R,X12R",,Dimple,"Trap element,Image Test","require 360° picking",d005e7b8
Blue,ABUS,GDS,"with barrels",Pin-tumbler,"Barrel drivers",,3df9c95f
Blue,"ABUS,ABUS","Integral,Pfaffenhain Integral","with 6 main row pins and >= 5 side pins",Pin-tumbler,,,8606220a
Blue,"ABUS,ABUS","KV14,KY14",,Pin-tumbler,,,fe84cc3c
Blue,ABUS,KW14,"6-pin version with 5 side elements",Pin-tumbler,,,4382d650
Blue,ABUS,S6+,,Pin-tumbler,,,f93c57fc
Blue,"ABUS,ABUS,ABUS,ABUS,ABUS,ABUS","V14,XV14,Y14,Vitess 1000,Vitess 2000,Vitess 4000","6-pin version with AS pins or Pfaffenhain pins",Pin-tumbler,,"require 360° picking",294807f4
Blue,ABUS,XP1,,Pin-tumbler,,,34c0dfe4
Blue,ALPHA,"Z cam lock",,Dimple,,,3ebbc1f4
Blue,Ankerslot,Infinity,"without magnet",Pin-tumbler,,,d20fb493
Blue,ASSA,500,"with barrel drivers and matched sleeve",Pin-tumbler,,,f8445741
Blue,"ASSA,ASSA","500,Flexcore/Flexcore Plus","5 pin with barrels and matched countermilling",Pin-tumbler,"Barrel drivers,Serrated/threaded milling",,d9e3829f
Blue,ASSA,700,"7 pin with spools and no countermilling",Pin-tumbler,,,d08aa492
Blue,ASSA,700,"7 pin with tapered drivers",Pin-tumbler,"Tapered drivers",,f1e92541
Blue,ASSA,R502,,Pin-tumbler,,,1bee7a66
Blue,BASI,K6-RT,,"Pin-tumbler,Sidepins","Active element",6-pin,ee04714f
Blue,Baton,"6000 series","not Abloy keyway","Disc detainer",,,ae0d35bc
Blue,Bison/HYT/Lays/Qlsy,"Chain Key Lock",,Pin-tumbler,,"Various brands",111062fc
Blue,Bricard,Bloctout,,Wafer,,,307e1f03
Blue,Bricard,"Serial S",,Dimple,,,61f33761
Blue,"Burg Wächter",Diamant,,Pin-tumbler,Unguttable,,32fa52a6
Blue,"Burg Wächter","Gamma 700",,Pin-tumbler,Unguttable,,ed9fa926
Blue,Cantol,"high-security line","10-pin dimple",Dimple,,,5647f11c
Blue,CAVEO,TS007,"all standards","Dimple,Slider","Sprung sliders,Active sidebar","Seven pins with standard drivers, five slider sidebar",60964e9f
Blue,Chubb,"114 (3g114)","5 lever, pre-2004",Lever,"Pin key,Curtain,False gates",,32c85438
Blue,Chubb,"114e (3g114e)","5 lever, after 2004",Lever,"Pin key,Curtain,False gates",,0c946064
Blue,Chubb,2m22,"6 lever",Lever,Mortise,,9d337b72
Blue,Chubb,Cruiser,"5 lever",Lever,"Padlock,Pin key,Curtain,False gates",,5b842c0e
Blue,CISA,"Astral S",,Dimple,,,066d1e3b
Blue,CISA,C3000,,Pin-tumbler,,,f9aceec0
Blue,Cobra,"C3 Sidewinder",,Slider,"Sprung sliders",,1add3dd0
Blue,DeGuard,"interactive clone","4 pins",Dimple,Pin-in-pin,,b91162e7
Blue,Dejo,"7 pin","tapered spools, trees, no milling",Pin-tumbler,,,59d8bfc1
Blue,DOM,"ix 5 HT",,Dimple,,,a165bc09
Blue,DOM,"IX 5KG",,Dimple,"Interactive element",,eec4bd4a
Blue,DOM,Plura,,Pin-tumbler,"Magic DOM drivers",,96591a8f
Blue,DOM,"R Plus",,Pin-tumbler,,,2e67118d
Blue,DOM,RN,"standard cylinder",Pin-tumbler,,"At least 3 security pins, 2 of them dumbbell pins, dom barrel pins or rattlesnake pins. Otherwise it's Green Belt.",81338028
Blue,"DOM,DOM","RS Sigma,RS Sirius",,Pin-tumbler,"Magic DOM drivers,Latest changelog",,1dd28bf9
Blue,"DOM,DOM","S,S PP1024",,Pin-tumbler,"Latest changelog",,9aa8821a
Blue,DOM,SC,,Pin-tumbler,,,05979a42
Blue,DOM,SV,,Pin-tumbler,,,95b2c7b0
Blue,Dorma,DC3003,,Pin-tumbler,,,4c544aa2
Blue,Dorma,DC400,,Pin-tumbler,,,1ede9094
Blue,"Dorma,Elite","DC4300,DC4300",,Pin-tumbler,,"Dorma DC4300 can be found as Miller's Dorma",d9c48db1
Blue,ERA,"Big 6","6 lever",Lever,"Padlock,Pipe key,Curtain,False gates",,0f7eb0f2
Blue,ERA,Fortress,"5 lever",Lever,"Mortise,Pin key,Curtain,False gates",,e2d201c9
Blue,ERA,"Insurance (975)","5 lever",Lever,Padlock,,a2a10bc7
Blue,EVVA,DPI,"pin-tumbler version",Pin-tumbler,"Trap element",,14481dfb
Blue,EVVA,DPS,"pin-tumbler version",Pin-tumbler,"Trap element",,da54208c
Blue,EVVA,DPX,"pin-tumbler version",Pin-tumbler,"Trap element",,af99d1cb
Blue,EVVA,EPS,"pin-tumbler version",Pin-tumbler,"Trap element",,18f3c21f
Blue,EVVA,GPI/ALS,,Pin-tumbler,,"The EVVA ALS has a profile restriction plate after pin 4 and its key narrows accordingly.",bce6757d
Blue,FAB,2000,,Pin-tumbler,,,f938f2fe
Blue,"FAB,FAB","3* Profi,4* Profi",,Pin-tumbler,,,aee424c0
Blue,"Federal Lock",6KD3110,,Dimple,,,275d33c9
Blue,,Fontaine,,Pump/push,,,7786832f
Blue,Gege,ANS-2,,Pin-tumbler,,,92f98042
Blue,Gege,AP2000,,Pin-tumbler,,,8ad6939a
Blue,Gege,AP3000,,Pin-tumbler,,,0037a89f
Blue,"Gege,Alfa","pExtra,""pExtra""","5 pin",Pin-tumbler,Overmilling,,aa7fc00e
Blue,Gera,3000,"6 pin",Pin-tumbler,,,8f219086
Blue,GOAL,S,"5 pins",Pin-tumbler,,,959a6b9d
Blue,Guard,NVL,,Pin-tumbler,,,62bdbd5e
Blue,IKON,P031,"N6 profile",Pin-tumbler,,"IKON AKA Zeiss IKON - more info on [Lockwiki](https://www.lockwiki.com/index.php/IKON)",d1896bf9
Blue,IKON,RW6,,Dimple,,,bc6c2d51
Blue,IKON,"Sk6 vector",,"Pin-tumbler,Sidepins",,"IKON AKA Zeiss IKON - more info on [Lockwiki](https://www.lockwiki.com/index.php/IKON)",08b5986d
Blue,IKON,SK7,,Pin-tumbler,,"IKON AKA Zeiss IKON - more info on [Lockwiki](https://www.lockwiki.com/index.php/IKON)",1c38e176
Blue,IKON,Undercut,,"Pin-tumbler,Sidepins",,"IKON AKA Zeiss IKON - more info on [Lockwiki](https://www.lockwiki.com/index.php/IKON)",948f9068
Blue,iNAHO,Tierkey,"3 row, short format",Dimple,,,9b94b1c0
Blue,Kaba,8,"2 row and 3 row, <9 pins",Dimple,,,5c2f5101
Blue,Kaken,KX3,"exterior, <6 sliders","Slider,Pin-tumbler","False gates,Active sidebar","Lots of variability on pinning, both in number of elements and type",40e50dd4
Blue,"Kale Kilit","164 GNC","6 pin, standard profile",Pin-tumbler,,,9811b260
Blue,"Kale Kilit","164 YGS SE",,Dimple,,,b01220ea
Blue,Kenaurd,Dimple,"pin-in-pin, 5 pins",Dimple,Pin-in-pin,,54dc69e8
Blue,Kryptonite,"Disk Detainer",,"Disc detainer","Random mid tension","Readily picked with front tension and counter-rotation",c8c0ee06
Blue,Lince,C4,,Dimple,,,adc2d335
Blue,"Lockwood,Lockwood,Lockwood,Lockwood,Lockwood","334B45,356S63,214A40,215A40,270S70","with spools",Pin-tumbler,,,331c9d36
Blue,Lockwood,V7,,Pin-tumbler,,,f6b001ed
Blue,Lucznik,E8,,Pin-tumbler,,,17270f9c
Blue,"Lucznik,GTV,Mila","LC,MPS,Evo",,Pin-tumbler,"Trap element","Requires 360° picking: these locks have traps that require some work to pick",1c01212e
Blue,"M&C,M&C,M&C,M&C","Color,Color Pro,Color+,Minos","<4 sliders","Dimple,Slider","False gates,Active sidebar",,1fe0ba0d
Blue,M&C,Matrix,"no sidebar",Pin-tumbler,,,bc6f6e7c
Blue,"Mauer,Dekaba","Red Line G,Guard",,Pin-tumbler,,,2a02810c
Blue,MCM,AS6,,Dimple,,"6 pin dimple, 3 spools and 3 T pins, good tolerances",72675596
Blue,Medeco,Biaxial,"4 pins","Pin-tumbler,Sidebar",,,23c7988c
Blue,Medeco,BiLevel,,Pin-tumbler,,,69d4ef86
Blue,Medeco,"Original Camlock","<5 pins","Sidebar,Slider",,,a9e47067
Blue,Metal,Zx5J,,"Dimple,Slider",,,f3a2aa78
Blue,Mindy,"Pagoda (round key)",,Other,,,c0af329b
Blue,MIWA,DS,,Wafer,"Partial gut",,df8081fa
Blue,"Mottura,Mottura","Champions C28,Champions C29",,Dimple,,,b1834e81
Blue,Mul-T-Lock,Classic,"standard drivers",Dimple,Pin-in-pin,,0418a174
Blue,"Mul-T-Lock,Mul-T-Lock","Classic,Interactive","4 pins, 4 spooled drivers",Dimple,Pin-in-pin,,aec0c82d
Blue,"Mul-T-Lock,Mul-T-Lock","Classic,Interactive","5 pins, 3 or fewer spooled drivers",Dimple,Pin-in-pin,,a0ec1618
Blue,Mul-T-Lock,Integrator,,Dimple,,,6e0bfdd2
Blue,Omellow,R3,,Dimple,"Interlocking pins,Latest changelog",,1d80c9bb
Blue,Opnus,XZ,,Dimple,"High pin count",,3af6c54b
Blue,PACLOCK,"90A Pro",,Pin-tumbler,,,fb5a9eb7
Blue,PACLOCK,PL410,,Pin-tumbler,Unguttable,,74c225d1
Blue,Pisla,860,,"Disc detainer",Unguttable,,ca6f4eaf
Blue,Ruko,R501,,Pin-tumbler,"Barrel drivers,Sleeved core",,6dc539dd
Blue,Securit,S20##,,,,,0a12f032
Blue,"Stanley,Ezcurra,Ezcurra,SEA","Vidmar SEA SL-10,SEA 23,SEA 3,Locking System (Original)",,Wafer,,,842165cc
Blue,Takigen,10-pin,,Dimple,"High pin count",,b0d2e04c
Blue,TESA,T60,,Dimple,"Tapered drivers",,8b5b655e
Blue,Tokoz,Tech,,"Pin-tumbler,Wafer",,,35330d19
Blue,TrioVing,"(Vingcard) 55##","with trampoline pins",Pin-tumbler,"Trampoline drivers",,55511995
Blue,U-Shin,"Showa Mortise","6 spools, torpedo keypins",Pin-tumbler,,,49c381dc
Blue,U-Shin,"Showa X Key","8 pins",Dimple,,,95a9b042
Blue,Union,"Strongbolt (2100)","5 lever",Lever,"Mortise,Pin key,Curtain,False gates",,86703028
Blue,Vachette,HDI,,Pin-tumbler,,,8cca70d0
Blue,"Vachette,Vachette","VIP,VIP+",,Pin-tumbler,,,67c4159c
Blue,VSR,2-row,,Dimple,"High pin count",,97c2b9be
Blue,Wilka,"Primus HX",,Dimple,,,0a7b9888
Blue,Winkhaus,N-Tra,,Dimple,,,2c9d12fc
Blue,Winkhaus,RPE,,Pin-tumbler,,,c643eca2
Blue,Winkhaus,Titan,,"Pin-tumbler,Sidepins",,,fe088de0
Blue,Yale,2100,,"Dimple,Sidebar,Slider","Sprung sliders","dimple, similar to Superior, but 6 pin stacks vertically aligned",7164f69d
Blue,"Yale,Yale","500,B",,Pin-tumbler,Overmilling,"On the Yale B, a max lift (Yale 0) will cause the spooled driver to sit entirely within the plug, representing a possible spring risk.",779e7dcb
Blue,Yale,"KM 1 star Superior",,Pin-tumbler,,"spooled key pins with 6 gege style drivers",c1e91978
Blue,"Yale,Yale,Millenco","Superior,Platinum,Magnum","<7 pins","Dimple,Slider","Sprung sliders,Active sidebar",,30a4fef5
Purple,Any,"SFIC format lock (unless otherwise specified)",**,Pin-tumbler,,"** **Special Picking Requirement:** Must be picked to both operating and control in one take. Check the SFIC filming requirements in the [Reddit belt ranking page](https://www.reddit.com/r/lockpicking/wiki/beltranking/#wiki_sfic_filming_requirements). Exempt from rule regarding minimum master wafers",c8259a23
Purple,ABA,109582,,Dimple,,,96fd610e
Purple,ABA,Pagoda,,Other,,,a17a6cf3
Purple,ABUS,"Bravus 4000",,Dimple,"Trap element","Requires 360° picking: these locks have traps that require some work to pick",a062f1ee
Purple,ABUS,TS5000,,Pin-tumbler,,,dd1dd313
Purple,"Agent,Agent,Agent","LS3,LS4,LS5",,Dimple,,,557b2f45
Purple,"Aldon Corporation","Hot Dog Lock",,Pump/push,,,0723bdc2
Purple,"Anchor Las","Disc Detainer",,"Disc detainer","Front tension,False gates",,bbce33e0
Purple,ASEC,"BS Sash lock","5 lever",Lever,"Mortise,Sliding levers,Pin key,Curtain,False gates",,23919b4e
Purple,"ASSA,Ruko","500,500","5 pin stacks, gin drivers and matching sleeve",Pin-tumbler,,,ef221c67
Purple,"ASSA,ASSA,Ruko","600,Max+ Restricted,600","Barrel spools and matching countermilling",Pin-tumbler,"Barrel drivers,Serrated/threaded milling",,45e3cde7
Purple,ASSA,Desmo,"6 sliders",Slider,,,039a239f
Purple,ASSA,Desmo,"8 sliders, 1-3 mastered",Slider,,,e2742f70
Purple,ASSA,Guideline,"6 pin with active side pins",Pin-tumbler,"Barrel drivers,Serrated/threaded milling,Sidepins",,122b5621
Purple,"Australian Lock Co.",BiLock,"12 sliders, 7-8 mastered",Slider,"False gates,Sprung sliders,Active sidebar",,f70b9b33
Purple,"Australian Lock Co.",BiLock,"8 sliders, 3-4 mastered",Slider,"False gates,Sprung sliders,Active sidebar",,1ca633a8
Purple,"Avocet,ERA,Federal Lock,Thirard,Thirard","ABS,Professional Cylinder,U-systems (UCF/UCH/UCS/UUS)-3100,Federal S,Federal 2",,"Dimple,Magnet","Magnetic pins,Pin-in-pin,Trap element","Requires 360° picking: these locks have traps that require some work to pick",f3666121
Purple,"Bricard,ABUS,CISA","Chifral,EP10,RS3","all versions, <15 pins",Dimple,"High pin count,Latest changelog",,8f004bf0
Purple,Bricard,Supersureté,,Wafer,,,98ba98ae
Purple,Capitol,"magnetic cam lock",,Magnet,,,85591581
Purple,CAVEO,TS007,"with spools","Dimple,Slider",,"Seven pins with security drivers, five slider sidebar",0813d39e
Purple,CEI,"""Five Colors""",,"Dimple,Slider","Pin-in-pin,Sprung sliders,Active sidebar",,1f3a4b1d
Purple,Chubb,Battleship,"6 lever, offset key",Lever,"Padlock,Pin key,Curtain,False gates",,1f3a8ff9
Purple,Chubb,Biaxial,,"Pin-tumbler,Sidebar",,,d78ca1ba
Purple,Clavis,"10 pin","dual row, all spools",Dimple,,,0e5adf31
Purple,Codkey,Locksys,"<15 pins",Dimple,"High pin count",,8a0c4b07
Purple,"CompX Chicago,Inceca","TuBAR,Plana",,"Other,Sidebar","Active sidebar",,8d4632d9
Purple,"Corbin Russwin",Emhart,"4 pins **",Pin-tumbler,"Interlocking pins","** **Special Picking Requirement:** Must be raked prior to picking to reset pin combination. Ideally assembled on video prior to picking.",71bce5b7
Purple,"Corbin Russwin","Master Ring",***,Pin-tumbler,,"*** **Special Picking Requirement:** Both shearlines must be filmed in one take. Check the SFIC filming requirements in the [Reddit belt ranking page](https://www.reddit.com/r/lockpicking/wiki/beltranking/#wiki_sfic_filming_requirements).",50fd7a98
Purple,"DAF Kilit",DBS02,,"Dimple,Slider",,,5e264777
Purple,"DeGuard,HQ","Interactive clone,High Security interactive clone","5 pins",Dimple,"Pin-in-pin,Interactive element,Image Test",,db4de1bb
Purple,Delta,"`DAF Kilit DBS02` Clone",,"Dimple,Slider",,,95e779e0
Purple,Dierre,"New Power",,Wafer,,,a10711cc
Purple,DOM,"ix 6 kg",,Dimple,,,69eec822
Purple,DOM,"ix 6 sr",,Dimple,"Torpedo keypins,Interactive element,Magic DOM drivers",,acde7f0c
Purple,DOM,"ix Teco",,Dimple,"Magic DOM drivers,Bottlenose keypins",,90e4bcc1
Purple,DOM,"ix Twido",,Dimple,"Torpedo keypins,Interactive element,Magic DOM drivers",,fc4de1ff
Purple,DOM,ix10,"without fins",Dimple,,,7b05dccc
Purple,Eagle,"""Supr-Security""","without shutter",Wafer,,,e8901d1c
Purple,Elzett,X11,,Dimple,,,04a402d6
Purple,"EVVA,EVVA,EVVA,EVVA","DPI,DPS,DPX,EPS","slider version",Slider,"Trap element,False gates,Active sidebar",,8c2983b5
Purple,Fichet,450,"no False gates",Lever/sidebar,,,93871dad
Purple,"Gege,Alfa","pExtra,""pExtra""","6-7 pin",Pin-tumbler,Overmilling,,4cd09b3b
Purple,Generic/Unknown,"6 or 7 Lever lock",,Lever,,,a6a225e5
Purple,Godrej,Ultra,"14 pins in 3 rows",Dimple,,,3fbd7b3d
Purple,GSK,"GSK-301 Rabbit Lock","Dual row, single sidebar","Pin-tumbler,Sidebar",,,6b220699
Purple,IFAM,WX1000,,Dimple,Pin-in-pin,"16 pins in three rows",3b848976
Purple,IKON,"sk6 vectorprofil rib extra","5 sliders","Pin-tumbler,Slider","Sprung sliders,Active sidebar","IKON AKA Zeiss IKON - more info on [Lockwiki](https://www.lockwiki.com/index.php/IKON)",4ffe03a9
Purple,Illinois,Duo,,Wafer,"Some formats guttable",,07bc680a
Purple,Ingersoll,"10 lever padlock",,Lever/sidebar,,,c11aca1a
Purple,ISEO,Perfecta,****,Pump/push,,"**** **Special Picking Requirement:** requires 360 for belting; 2 versions exist, with tapered pins, and with tapered spools",6eab0c38
Purple,"ISEO,ISEO","R50,R7",,Dimple,"Latest changelog",,30aa78ef
Purple,"Jixin,Jasafe","Z03,Z03",,"Pin-tumbler,Sidepins",,,92482cc9
Purple,Kaba,8,"3 row, ≥ 9 pins",Dimple,"High pin count",,779d74f5
Purple,Kaken,KX3,"exterior, ≥ 6 sliders","Slider,Pin-tumbler","False gates,Active sidebar","Lots of variability on pinning, both in number of elements and type",898a7138
Purple,"Kale Kilit","164 BNE",,Dimple,,,6f5e0d32
Purple,"Keso,Keso,Keso,Keso","10RS,1000,2000S,4000S (Omega)","<13 pins",Dimple,"High pin count",,304f5471
Purple,Kwikset,"Smartkey (Gen III)",,Slider,"Sprung sliders,Reverse sidebar",,06ddb074
Purple,Kwikset,"Smartkey (Gens I & II)",,Slider,"Sprung sliders,Reverse sidebar",,41f9efa2
Purple,Kwikset,"Smartkey SC1 gen I",,Slider,"Sprung sliders,Reverse sidebar",,dd1bf2af
Purple,Legge,"BS Sash lock","5 lever",Lever,"Mortise,Sliding levers,Pin key,Curtain,False gates",,bb317675
Purple,"LIPS,LIPS","Keso (door cylinder),Octro","<13 pins",Dimple,"High pin count",,c5b7e63b
Purple,LIPS,"Keso padlock",,Dimple,,,434b5b25
Purple,Liquidonics,"Miracle Magnetic",,"Magnet,Pin-tumbler","Magnetic pins",,50d411f4
Purple,Lockman,Megacross,"9-pins, mushroom drivers",Dimple,"High pin count",,9982c0eb
Purple,Lockwood,MT5,"VPI, heavily mastered *****","Dimple,Slider","Pin-in-pin,Interactive element","***** **Special Picking Requirement:** Exempt from rule regarding maximum number of master wafers",883fb3cd
Purple,Lockwood,Twin,,"Pin-tumbler,Sidepins","Active sidebar,False gates",,71833308
Purple,"M&C,M&C,M&C,M&C,Vachette,Vachette","Color,Color Pro,Color+,Minos,V-DIS,V-DIS+","≥4 sliders","Dimple,Slider","False gates,Active sidebar",,6efe5f67
Purple,"M&C,M&C","Condor,Move",,"Dimple,Slider","Active sidebar,False gates",,be22f5f1
Purple,M&C,Matrix,,"Slider,Pin-tumbler","False gates,Active sidebar",,9aedb834
Purple,Magnum,Atlantic,,Dimple,,,c9fc823c
Purple,"Master Lock",#19,,Pin-tumbler,Unguttable,,8f7f1830
Purple,Mauer,"Red Line GM",,Dimple,,,0a70d67f
Purple,Medeco,"Original Camlock","≥ 5 pins ******","Slider,Sidebar","Rotating gated keypins,False gates,Active sidebar","****** **Special Picking Requirement:** Prior to picking, operate the lock with the key or rake pins to reset rotational orientation.",aeaa6a09
Purple,"Medeco,Medeco,Medeco","Original,Biaxial,M3","≥ 5 pins ******","Sidebar,Pin-tumbler","Rotating gated keypins,False gates,Active sidebar","****** **Special Picking Requirement:** Prior to picking, operate the lock with the key or rake pins to reset rotational orientation.",826c31e0
Purple,Mindy,"Pagoda AF 16-50","flat key",Other,Unguttable,,06a28ac7
Purple,MIWA,"Magnetic Camlock",,Magnet,"Magnetic sliders",,58f2eac0
Purple,,MLock,,,,,278f2108
Purple,Mottura,"3D Key",,"Dimple,Other","Rotors,Active sidebar",,0a2c7044
Purple,Mottura,"Champions C38",*******,"Dimple,Magnet","Magnetic pins","******* **Special Picking Requirement:** Must be picked with bible oriented down",62520bea
Purple,Mottura,Viper,,"Dimple,Slider",,,8c76cc79
Purple,"Mul-T-Lock,Mul-T-Lock","Classic Pro,400",,Dimple,Pin-in-pin,,fd2b533e
Purple,"Mul-T-Lock,Mul-T-Lock","Classic,Interactive","4 pins, 4 serrated drivers",Dimple,"Pin-in-pin,Interactive element",,48323cde
Purple,"Mul-T-Lock,Mul-T-Lock,Mul-T-Lock","Jr,Classic,Interactive","5 pin stacks, ≥ 4 spooled drivers",Dimple,"Pin-in-pin,Interactive element",,3335df97
Purple,Mul-T-Lock,MT5,,Dimple,"Pin-in-pin,Interactive element",,16906a6c
Purple,Mul-T-Lock,"Omega Plus",,Dimple,,,8a65b956
Purple,Nagasawa,KCY-7x,"12 pin",Dimple,"High pin count,Latest changelog",,1ee9600e
Purple,Nagasawa,"Kodai KCY-31","6 pin",Pin-tumbler,,,3efc97ad
Purple,"Nemef,Nemef,LIPS","NF2,NF3,8300",,Pin-tumbler,"Tapered drivers",,94466c21
Purple,Opnus,TZ,"3 rows",Dimple,"High pin count","Similar to UX but 3 rows of pins",f8aaa0ef
Purple,Opnus,UX,,Dimple,"High pin count",,ed3ae6cf
Purple,Pollux,5,,Pump/push,,,c9da1540
Purple,"Rav Bariach",Locxis,,Dimple,,,8e81c2c6
Purple,Rielda,"rekeyable lock",,Pin-tumbler,,,6d754a0a
Purple,Ruko,"Combi 900",,Pin-tumbler,,,6dd5a34b
Purple,Sargent,Signature,,"Pin-tumbler,Sidebar",,,e1e595b9
Purple,Schlage,"Everest 29SL",,Slider,,,3dabf132
Purple,"Securemme,Securemme","K22,K2",,Dimple,,,ccd19ba8
Purple,Securemme,K5,,Dimple,,,479f1d73
Purple,Securystar,"Pro Star",,Dimple,"High pin count,Latest changelog",,2c906ebb
Purple,Sepa,HDS,,Dimple,"High pin count",,e0a9caf4
Purple,"TESA,TESA,Nemef,Yale,Azbe","T80,TX80,NF4,HS-K,HS-K",,Dimple,"Tapered drivers,Interactive element",,3f49ccc1
Purple,TESA,TK100,,Dimple,"Tapered drivers,Interactive element",,9a9ae8df
Purple,"Titan,Picard,UCEM","T250,VTX,T200",,"Dimple,Slider","Unsprung sliders",,e7f6d089
Purple,U-Shin,"Showa X Key","12 pins",Dimple,,,8307d77f
Purple,"US Star Tech","""Hi Security""",,Dimple,,,b35bf986
Purple,Vachette,Axi'Home,,Dimple,,,416946bc
Purple,"Walsall Locks","Ace (S1311)","7 lever safe",Lever,"Safe lock,False gates",,37914cb6
Purple,WEST,"YKK AP",,Dimple,"High pin count",,1220174e
Purple,"Western Electric,Western Electric","29A,29B",,Lever,"Cabinet lock,Flat steel key,Curtain,False gates",,5958a65b
Purple,Yale,"2000 Plus",,"Dimple,Sidebar,Slider",,"dimple, 10 vertically aligned pins in 2 rows, 4 sliders",a42a815e
Purple,Yale,5000,,"Pin-tumbler,Slider",,,1be10736
Purple,"Yale,Yale,Millenco","Superior,Platinum,Magnum","7 or 9 pins","Dimple,Slider","Sprung sliders,Active sidebar",,ebe9ee59
Brown,Any,"SFIC with security pins",**,Pin-tumbler,,"** **Special Picking Requirement:** Must be picked to both shearlines in one take. Check the SFIC filming requirements in the [Reddit belt ranking page](https://www.reddit.com/r/lockpicking/wiki/beltranking/#wiki_sfic_filming_requirements) **AND** Must have a total number of security pins that is equal to or higher than the number of pin stacks (see [confirmed SFIC's with security pins](https://www.reddit.com/r/lockpicking/wiki/beltranking/#wiki_confirmed_sfic.27s_with_security_pins)",b13f4b57
Brown,Abloy,Classic,,"Disc detainer","Rear tension,False gates","Old models can be front tensioned",da09d849
Brown,ABUS,Plus,"no butterfly discs","Disc detainer","Random mid tension,False gates",,b8350900
Brown,ABUS,X-Plus,,"Disc detainer",,,c9d6d06d
Brown,"ABUS,ABUS,ABUS,CISA,CISA,Bricard,Bricard","XP20s,XP2s,XP2,AP3,AP4S,XP S2,Mistral S",,Dimple,"Interactive element",,da8331ef
Brown,"Aegis,Kodai","HPC lock,G15","18 pin, 3 rows all spools",Dimple,"High pin count",,19fce24d
Brown,Agent,GMD-500,,Dimple,,,db380ba0
Brown,,Alke,,,,,d8abe040
Brown,ALPHA,ED,"cam lock",Dimple,"High pin count","14 pins in 4 directions, standard and mushroom drivers",05298f91
Brown,ALPHA,FB,"<12 pins",Dimple,"High pin count",,054731a5
Brown,ALPHA,"YKK AP",,Dimple,"High pin count",,2c58f220
Brown,"Anbo,Lex,GLK,Apec","X18u,X18,X18,XS","Clavis Q18 clones",Dimple,,,f85f4ac0
Brown,Ankerslot,"Infinity K",,"Pin-tumbler,Magnet",,,5329b0f3
Brown,"ASSA,ASSA,ASSA,Ruko,TrioVing","d12,P600,Neptun 1900,Merkur,d12 level 1 (aka d13 no long pin)","barrel drivers, forked keypins",Pin-tumbler,"Barrel drivers,Serrated/threaded milling,Forked keypins",,d3ad5a73
Brown,ASSA,Desmo,"8 sliders, no mastered pins",Slider,"Unsprung sliders,Active sidebar",,1459e2c6
Brown,ASSA,"Desmo RC","10 sliders, no mastered pins",Slider,"Unsprung sliders,Active sidebar","** **Special Picking Requirement:** Must be picked to control",93c49314
Brown,"ASSA,ASSA,ASSA","Twin Combi,1800,4800","barrel drivers, 2 or 3 finger pins","Pin-tumbler,Sidepins,Sidebar","Barrel drivers,Serrated/threaded milling,Active sidebar,Rotating fingerpins",,fd7b514a
Brown,"Australian Lock Co.",BiLock,"12 sliders, 5-6 mastered",Slider,"False gates,Sprung sliders,Active sidebar",,9ed006d4
Brown,"Australian Lock Co.",BiLock,"8 sliders, 0-2 mastered",Slider,"False gates,Sprung sliders,Active sidebar",,0b1a28ce
Brown,"Australian Lock Co.",Galaxy,,Other,,,33d6e0df
Brown,BASI,K10,,Dimple,,,82ae66ad
Brown,BKS,Multipin,,Pin-tumbler,,,39bf479d
Brown,"Bricard,ABUS,CISA","Chifral,EP10,RS3","all versions, fully pinned",Dimple,"Latest changelog",,9b00fb5e
Brown,"Burg Wächter","Alpha 800",,Wafer,Unguttable,,e38d015b
Brown,Cavers,Cavith,,"Pump/push,Pin-tumbler",,,de47d600
Brown,Clavis,T-20,"<15 pins",Dimple,"High pin count",,f51e2ff2
Brown,Codkey,Locksys,"≥15 pins",Dimple,"High pin count",,bc03135a
Brown,"Diamond,Gerda,Securemme","K3,Exxo,Evo K64",,"Dimple,Slider","Sprung sliders,Reverse sidebar",,4403a73f
Brown,"DOM,STS","ix 10 kg,IX bola",,Dimple,"Torpedo keypins,Interactive element",,dd6a3683
Brown,"DOM,STS","ix 10,IX","with shark fins",Dimple,"Shark fin keypins,Torpedo keypins",,e39885f3
Brown,DOM,"System D",,Pin-tumbler,"Torpedo keypins",,61247b32
Brown,"Dorma,Dorma","DC500,DC5400",,Pin-tumbler,"Tree drivers,Gin spool drivers,Undercut milling,Tapered drivers",,87ee7a61
Brown,Eagle,"""Supr-Security"" (with shutter)",,Wafer,,,33588917
Brown,FAB,Dynamic,,"Slider,Pin-tumbler","Unsprung sliders",,e0255299
Brown,"Federal Lock",11KDCF3110,,Pin-tumbler,,,e8150a27
Brown,"Fichet,Fichet","450,484","with False gates, 4-6 mastered levers",Lever/sidebar,"False gates,Active sidebar",,58cbc037
Brown,Fichet,666,,Slider,,,9c627ebd
Brown,Fichet-Bauche,Monopole,,Pump/push,,,3bd433d7
Brown,"FTH Thirard",Cobra,,Pump/push,,,86e86a1d
Brown,"FTH Thirard,Profalux","Surveyor,pump lock",,Pump/push,,,1f6cb393
Brown,Fuki,Tierkey,,Dimple,"High pin count",,7298a640
Brown,Gege,MRT,,Magnet,,,b379e483
Brown,Gerda,HSS,,"Disc detainer","Rear tension,False gates","Can be picked with front tension but gated spinner complicates this",594b1a1c
Brown,"Gerda,Gerda","Tytan ZX,Rim 6000",,Dimple,"High pin count",,2929f922
Brown,GOAL,D9,"9 pin",Dimple,"Overmilling,Torpedo keypins,High pin count",,7194cc26
Brown,GOAL,P,"6 pin",Pin-tumbler,"Gin spool drivers,Overmilling,Undercut milling",,a1233156
Brown,IKON,"tk5 sperwellenprofil","with smooth fingerpins","Pin-tumbler,Sidepins","Rotating fingerpins","IKON AKA Zeiss IKON - more info on [Lockwiki](https://www.lockwiki.com/index.php/IKON)",f38cafca
Brown,iNAHO,Tierkey,,Dimple,,,9659ad59
Brown,,Izis,,Pump/push,,,d64be6f7
Brown,JPM,405,,Pump/push,,,1ee01369
Brown,JPM,"Quartz UP",,Dimple,"Interactive element",,5433316e
Brown,Kaba,14,"<13 pins",Dimple,"High pin count",,f61461ed
Brown,Kaba,Ace,"<13 pins",Dimple,"High pin count",,41b91a0e
Brown,Kaba,Gemini,"<13 pins",Dimple,"High pin count",,e0191c45
Brown,Kaba,"Gemini pluS","<14 pins",Dimple,"High pin count",,2efc9257
Brown,Kaken,KXR,,"Slider,Pin-tumbler","Gin spool drivers,Undercut milling,Active sidebar,False gates",,9375df98
Brown,"Kale Kilit","164 CEC",,Dimple,,,660a840e
Brown,"Keso,Keso,Keso,Keso","10RS,1000,2000S,4000S (Omega)","≥13 pins",Dimple,"High pin count",,c92ff501
Brown,Keso,8000Ω²,"< 13 pins",Dimple,"High pin count",,fe9889e2
Brown,Laperche,Rols,,Pump/push,,,f5cc6ace
Brown,"LIPS,LIPS","Keso (door cylinder),Octro","≥13 pins",Dimple,"High pin count",,514c7ec4
Brown,"Lowe and Fletcher","3007 Safe lock","7 lever",Lever,"Safe lock,Pipe key,Double bitted",,8625f848
Brown,Magnum,"Mont Blanc",,Wafer,,,236027a0
Brown,"Mauer,Mauer,Mauer","NW4,NW5,NW6",,"Dimple,Slider","Unsprung sliders",,b8783269
Brown,Mauer,"President (71111)","7 lever",Lever,"Safe lock,Pipe key,Double bitted",,b9b7ba7c
Brown,Mauer,"Variator A (70091)","7 lever",Lever,"Safe lock,Pipe key,Double bitted",,620b6e5a
Brown,"Medeco,Medeco","Biaxial Camlock,M3 Camlock","4 or more pins ***","Sidebar,Slider","Rotating gated keypins,False gates,Active sidebar","*** **Special Picking Requirement:** Must be raked prior to picking to reset pin combination",305473cf
Brown,Medeco,Duracam,***,"Dimple,Slider,Sidebar","Rotating gated keypins,False gates,Active sidebar","*** **Special Picking Requirement:** Must be raked prior to picking to reset pin combination",848940e5
Brown,"MG Serrature",HS,,Dimple,"High pin count",,540a14c0
Brown,MIWA,EC,,Magnet,,,f257bf77
Brown,"MIWA,Tostem","PS,DN","<7 unmastered wafers",Slider,,,2bf9f60e
Brown,"Mul-T-Lock,Mul-T-Lock","Classic,Interactive","5 pin stacks, 5 serrated drivers",Dimple,Pin-in-pin,,5c5701d7
Brown,Pollux,7,,Pump/push,,,cc5bbb68
Brown,Robur,"2391 Safe Deposit Lock","<3 barrels or gins with matched milling","Pin-tumbler,Sidepins",,,94ee12b7
Brown,"Schlage,Schlage","Primus,Everest Primus",,"Pin-tumbler,Sidepins","Rotating fingerpins",,ea1afad0
Brown,"Scorpion,Marks","CX-5,High Security Lock",,"Pin-tumbler,Slider","Gin spool drivers,Active sidebar,Unsprung sliders,False gates,Undercut milling",,626da374
Brown,"STS,TESA,TESA","T-10,T-10,T-12",,Dimple,"Opposing overset stacks,Interactive element","5 pins on main row similar to T60, 5 opposing pins, overlift at rest, 1 interactive on T-12",0bc03ee8
Brown,U-Shin,"Showa NX","<13 pins",Dimple,,,b91890bf
Brown,"Vachette,Vachette,Vachette,Vachette,Vachette","Radial NT,Radial NT+,Radial,Radial S,Radial SI","<13 pins",Dimple,,,40e99be0
Brown,,"Van Lock",,Pump/push,,,506b242a
Brown,VSR,3-row,,Dimple,,,dd764207
Brown,"Walsall Locks",2000,"5 lever",Lever,"Padlock,Pipe key,False gates",,93e4cf5f
Brown,"WEST,WEST","916,955",,Dimple,,,18e1f45b
Brown,Winkhaus,X-Tra,"<9 pins",Dimple,,,9d865bcd
Red,Abloy,Disklock,,"Disc detainer","Rear tension,False gates","Disc 4 needs picking early.  Generally gives muted, subtle feedback",87eaa964
Red,Abloy,"High Profile",,"Disc detainer","Rear tension,False gates,Profile discs","Many keyway variations, warded spinners, rear profile spinner and profile discs",e92d29ad
Red,"ABUS,ABUS","EC700,EC800",,Dimple,,,b29a8b44
Red,ABUS,Plus,"with butterfly discs","Disc detainer","Random mid tension,False gates,Butterfly discs",,b8350901
Red,ALPHA,FB,"12 or more pins",Dimple,"High pin count",,4223eb26
Red,"ASSA,Ruko","600,600","6 pin, with gin spools and matched countermilling",Pin-tumbler,"Gin spool drivers,Undercut milling",,29ab2852
Red,ASSA,700,"7 pin, with gin/tree pins and matching countermilling in ≥ 4 chambers, < 2 tree pins",Pin-tumbler,"Tree drivers,Gin spool drivers,Undercut milling,Tapered drivers",,e3bd3faf
Red,"ASSA,Ruko","700,700","with gin drivers and matched sleeve",Pin-tumbler,,,ef4e0295
Red,"ASSA,ASSA,TrioVing,Ruko","dp2400,dp10,System 10,DP2","6 pin 4 slider","Pin-tumbler,Sidepins","Barrel drivers,Serrated/threaded milling,Active sidebar,False gates,Sidepins",,75fb1e5c
Red,"Australian Lock Co.",BiLock,"12 sliders, 3-4 mastered",Slider,"False gates,Sprung sliders,Active sidebar",,5b60be8a
Red,Banham,m2002,,Dimple,"Opposing overset stacks",,9eb3e9c4
Red,BKS,Janus,"< 14 pins",Dimple,,,3af2407a
Red,Bramah,bp17,,Pump/push,,,c640fe2c
Red,Chubb,"110 (3g110)","5 lever",Lever,"Mortise,Pin key,Curtain,False gates",,ab1cdc56
Red,CISM,Atlas,,"Magnet,Pump/push",,,9bb97454
Red,Clavis,T-20,"15-19 pins",Dimple,,,add0b067
Red,Codkey,"Locksys L52","factory split core, 24 pins",Dimple,"Dual core",,7c6efd49
Red,"Corbin Russwin",Emhart,"6 pins **",Pin-tumbler,"Interlocking pins","** **Special Picking Requirement:** Must be raked prior to picking to reset pin combination. Ideally assembled on video prior to picking.",c4f942f0
Red,"DOM,INN","ix Saturn,Key Smart",,Dimple,"Interactive element,Torpedo keypins,Shark fin keypins",,6b06f591
Red,DOM,"RS 8",,Pin-tumbler,"Magic DOM drivers,Sidepins,Torpedo keypins",,4993a918
Red,Elzett,M,,Magnet,"Magnetic rotors",,ff0be785
Red,"EVVA,EVVA,EVVA","3KS,3KS+,4KS","without False gates or 1-3 mastered sliders",Slider,"Unsprung sliders,False gates,Active sidebar",,265226b1
Red,EVVA,Dual,">4 mastered elements",Slider,"False gates,Active sidebar",,00b569f2
Red,EVVA,ICS,">2 mastered elements","Slider,Pin-tumbler","False gates,Active sidebar",,6852489f
Red,FAB,NZS3,,Pin-tumbler,,,3b797ff2
Red,"Fichet,Fichet","450,484","w/ False gates, 2-3 mastered levers",Lever/sidebar,"False gates,Active sidebar",,03cbfaa5
Red,Fontaine,Dynaxis,,Pump/push,,,9d7faa15
Red,"FTH Thirard",Pacific,,Pump/push,,,a57c1e9b
Red,"GOAL,GOAL","V18,GP","<14 pins",Dimple,"Overmilling,Torpedo keypins,High pin count",,9f613c4a
Red,GOAL,Z,"2 or more standard drivers",Pin-tumbler,"Gin spool drivers,Overmilling,Undercut milling",,937eb7a8
Red,Hori,Trident,spools,Dimple,,,49b2c746
Red,IKON,"SK6 Sperrwelleprofil","4 Serrated Fingerpins, Non-Chamfered Sidebar",Pin-tumbler,"Rotating fingerpins,Active sidebar,Latest changelog",,66d1ab72
Red,IKON,"tk5 sperwellenprofil","with serrated fingerpins","Pin-tumbler,Sidepins","Rotating fingerpins","IKON AKA Zeiss IKON - more info on [Lockwiki](https://www.lockwiki.com/index.php/IKON)",34d27803
Red,IKON,Verso,,Slider,,"IKON AKA Zeiss IKON - more info on [Lockwiki](https://www.lockwiki.com/index.php/IKON)",843896be
Red,Kaba,14,"13+ pins",Dimple,"High pin count",,aa4c402d
Red,"Kaba,MIWA,Kaba","20,JN,Star","4 directions, < 15 pins",Dimple,"High pin count",,eed91da5
Red,Kaba,Ace,"≥13 pins",Dimple,"High pin count",,434bdf9d
Red,"Kaba,Kaba","experT,Quattro","<15 pins",Dimple,"High pin count",,0770580d
Red,Kaba,Gemini,"≥13 pins",Dimple,"High pin count",,c8e86f14
Red,Kaba,"Gemini pluS","≥14 pins",Dimple,"High pin count",,c4484574
Red,Kaba,Penta,"<15 pins",Dimple,"High pin count",,e3081fd3
Red,Kaba,Star,"5+ directions, <16 pins",Dimple,"High pin count",,43deff29
Red,Keso,8000Ω²,">= 13 pins",Dimple,"High pin count",,deb35ee7
Red,Kromer,Novum,,Lever,"Pipe key,Double bitted,False gates",,281aa393
Red,,Maglok,,Magnet,,,2d1adbaf
Red,Mauer,Crypto,,,"High pin count,Latest changelog",,696d5f2c
Red,Mauer,"Praetor B (70079)","11 lever",Lever,"Safe lock,Pipe key,Double bitted",,169b80e3
Red,Medeco,M4,,"Pin-tumbler,Slider,Sidebar",,,00a2ff18
Red,"MIWA,MIWA","E6,83EC",,Magnet,"Magnetic pins",,9094ca58
Red,MIWA,LS7,,Slider,"Sprung sliders",,814c5368
Red,MIWA,PR,"<7 unmastered levers",Lever/sidebar,"Partial gut",,fdb68dc4
Red,"MIWA,Tostem","PS,DN","7-8 unmastered levers",Lever/sidebar,,,550a0c9d
Red,MIWA,SR,,Wafer,"Active sidebar",,31cd85d7
Red,"MIWA,MIWA","U9,UR","<8 unmastered levers, barred False gates (old shallow False gates counts as Brown Belt)",Lever/sidebar,"Active sidebar,False gates,Partial gut",,31431c49
Red,MIWA/Anker,3800,,"Pin-tumbler,Magnet","Magnetic sliders",,cc8cfd45
Red,Mottura,52,"7 lever",Lever,"Pin key,Sliding levers,Double bitted,False gates",,5e090448
Red,"Mottura,Mottura","Champions C55,Champions CP6",,"Dimple,Trap Pins,Other","Picking Risk","**** **Special Picking Requirement:** requires 360 for belting; Picking risk: Some versions may contain trap pins that will require gutting to fix. ",3daff112
Red,"Picard,Heracles","Vigie,Pericles","7 pins, euro profile",Pump/push,,,9c5f4539
Red,Robur,"2391 Safe Deposit Lock","barrels ≥ 3 chambers with matched milling","Pin-tumbler,Sidepins","Barrel drivers,Serrated/threaded milling,Sidepins,Active sidebar",,9da7a5f2
Red,Robur,"2391 Safe Deposit Lock","gins ≥ 3 chambers with matched milling","Pin-tumbler,Sidepins","Gin spool drivers,Undercut milling,Sidepins,Active sidebar",,112d0034
Red,"Rosengrens,Rosengrens","32A,32A8","thin round center posts, few or no False gates","Disc detainer","Front/rear tension","Hard to navigate and manipulate and often poor feedback",4a7db3c6
Red,"S&G,S&G","4544,4440 series",,Lever,"Safe lock,Flat steel key,False gates","Sargent & Greenleaf lever lock",2ff8a738
Red,Schlage,"Everest 29 SL Primus XP",,"Slider,Sidepins","Rotating fingerpins",,cf76cfde
Red,Sémag,Euromag,,"Magnet,Pump/push","Magnetic pins",,80b0044b
Red,,Tann,"10 lever",Lever,"Safe lock,False gates",,b5df156e
Red,"Tann,Chubb,WLN","Detector,Detector from 1950's,Detector",,Lever,"Various formats,False gates,Latest changelog","Usually 5 levers",69668831
Red,U-Shin,"Showa NX","≥ 13 pins",Dimple,"High pin count",,95281228
Red,Vachette,Axi'Tec,,Dimple,"High pin count",,17d41d80
Red,"Vachette,Vachette,Vachette,Vachette,Vachette","Radial NT,Radial NT+,Radial,Radial S,Radial SI","<18 pins",Dimple,"High pin count",,4db59eb3
Red,Winkhaus,X-Tra,"9-13 pins",Dimple,"High pin count",,131732a0
Red,,Xylok,,Pin-tumbler,,,6708838f
Red,Yanai,"R 2200M","<14 pins",Dimple,"High pin count,Latest changelog",,5eac6a29
"Black 2","Abloy,Abloy","Disklock Pro,Novel",,"Disc detainer","Front/rear tension,Disc controller,False gates,Bi-directional","Two versions, padlock and door lock.",1a7a23d4
"Black 2",Abloy,Easy,,"Disc detainer",,,12ff8c25
"Black 2",Abloy,Exec,,"Disc detainer","Rear tension,Disc steering system,False gates",,fc627b17
"Black 3",Abloy,Protec,,"Disc detainer","Front tension,False gates,Bi-directional,Disc controller,Disc blocker system",,735439dd
"Black 3",Abloy,Protec2,,"Disc detainer","Front tension,False gates,Bi-directional,Disc controller,Disc blocker system",,e87f0ca2
"Black 2",Abloy,Sento,,"Disc detainer",,,cad3eff0
"Black 1",Abloy,Sentry,,"Disc detainer","Rear tension,Disc steering system,False gates","Often can be front tensioned",2ae6a691
"Black 1",ASSA,700,"gin/tree pins and matching countermilling in ≥ 4 chambers, ≥ 2 tree pins",Pin-tumbler,"Gin spool drivers,Tapered drivers,Undercut milling,Tree drivers",,f133510b
"Black 3","ASSA,ASSA,TrioVing,Ruko","dp4400,dp11,dp,Garant+","6 pin with 10 sliders","Pin-tumbler,Slider","Unsprung sliders,Barrel drivers,Serrated/threaded milling,Active sidebar",,6e59ba12
"Black 2",ASSA,"Twin 6000","gin drivers, 6 stacks with 5 side pins","Pin-tumbler,Sidepins","Gin spool drivers,Undercut milling,Sidepins,Active sidebar",,104776ef
"Black 2","ASSA,ASSA,ASSA,TrioVing","Twin Combi,Triton,Neptun 4900,Twin Control","6 pin with 5 finger pins","Pin-tumbler,Sidepins","Rotating fingerpins,Active sidebar,Barrel drivers,Serrated/threaded milling",,7168d463
"Black 2","ASSA,Ruko","Twin Combi,Garant","with gin drivers","Pin-tumbler,Sidepins","Rotating fingerpins,Active sidebar,Gin spool drivers,Undercut milling",,fb51b475
"Black 1",ASSA,"Twin Exclusive 5700 (Baltic)","6 pin with 5 side pins with 4 possible heights each","Pin-tumbler,Sidepins","Barrel drivers,Serrated/threaded milling,Sidepins,Active sidebar",,f7ad4c89
"Black 1","ASSA,ASSA","Twin Exclusive,Twin 6000","6 barrel drivers, 5 side pins","Pin-tumbler,Sidepins","Barrel drivers,Serrated/threaded milling,Sidepins,Active sidebar",,55053299
"Black 1","ASSA,ASSA,ASSA,ASSA,ASSA","Twin Maximum,Twin Pro,Twin v10,Twin 2,Twin Global","barrel driver, 6 stacks with 5 side pins","Pin-tumbler,Sidepins","Barrel drivers,Serrated/threaded milling,Active sidebar,Sidepins",,3f73d2ce
"Black 2",ASSA,"Twin v10","gin drivers, 6 stacks with 5 side pins","Pin-tumbler,Sidepins","Gin spool drivers,Undercut milling,Sidepins,Active sidebar","upgrade of ASSA Twin v10",c8694f3a
"Black 1","Australian Lock Co.",BiLock,"12 sliders, 1-2 mastered",Slider,"False gates,Sprung sliders,Active sidebar",,e3058619
"Black 2","Australian Lock Co.",BiLock,"12 sliders, 0 mastered",Slider,"False gates,Sprung sliders,Active sidebar",,ab1e901f
"Black 2","Australian Lock Co.","Bilock (SCEC approved; formerly known as ASIO)","2nd/3rd gen",Slider,"False gates,Sprung sliders,Active sidebar","two False gates per pin, staggered rows",12846cc6
"Black 2","Australian Lock Co.","BiLock Exclusive","picked to control",Slider,"False gates,Sprung sliders,Active sidebar",,6d2555aa
"Black 1",BKS,Janus,"14 or more pins",Dimple,"High pin count",,f09ce6b3
"Black 1",Bowley,"Door Lock",,Pin-tumbler,,,78336fc0
"Black 1",Chubb,"""Definitive""","Standard mortise, 5 lever",Lever,"Mortise,False gates",,72215ba4
"Black 4",Chubb,"""Definitive""","jewelry box (steel comb leaf spring, pin or pipe key)",Lever,"Cabinet lock,False gates",,2db935ea
"Black 4",Chubb,"6K174 Isolator",,Lever,"Safe lock",,362d0dee
"Black 2",Clavis,F-22,,Dimple,,,234a8ca8
"Black 1",Clavis,Q-18,,Dimple,"High pin count",,7ea33803
"Black 2",Clavis,T-20,"20 pins",Dimple,"High pin count",,48cf387f
"Black 1","Corbin Russwin",Emhart,"≥ 2 mastered chambers **",Pin-tumbler,"Interlocking pins","** **Special Picking Requirement:** Must be raked prior to picking to reset pin combination. Ideally assembled on video prior to picking.",c266d57b
"Black 1",DOM,Diamant,"With sprung rear disc","Disc detainer","Front tension,False gates",,57fbcb1b
"Black 1",DOM,"ix Twinstar",,Dimple,"Shark fin keypins,Torpedo keypins,Interactive element",,3c73c705
"Black 1","EVVA,EVVA","3KS,3KS+","false gates and no mastered sliders",Slider,"Unsprung sliders,False gates,Active sidebar",,f7452b9f
"Black 1",EVVA,Dual,"1-4 mastered elements",Slider,"Active sidebar,False gates",,1e197456
"Black 2",EVVA,Dual,"0 (zero) mastered elements",Slider,"False gates,Active sidebar",,533c7408
"Black 1",EVVA,ICS,"1-2 mastered elements","Slider,Pin-tumbler","False gates,Active sidebar",,db749615
"Black 2",EVVA,ICS,"0 (zero) mastered elements","Pin-tumbler,Slider","False gates,Active sidebar",,8ea170d2
"Black 3","EVVA,EVVA,IKON","MCS gen 1,MCS gen 2,M",,"Magnet,Pin-tumbler","Magnetic rotors","IKON AKA Zeiss IKON - more info on [Lockwiki](https://www.lockwiki.com/index.php/IKON)",5ab25363
"Black 1","Fichet,Fichet","450,484","false gates, 1 mastered lever",Lever/sidebar,"False gates,Active sidebar",,4abcb403
"Black 2","Fichet,Fichet","450,484","w/ False gates, 0 mastered levers",Lever/sidebar,"False gates,Active sidebar",,340154fa
"Black 3",Fichet,787,"no blocker","Pump/push,Lever/sidebar","Active sidebar,Shutter",,10ab07eb
"Black 1",Fichet,F3D,"indoor cylinder",Pump/push,,,33056c0f
"Black 5",Fichet,F3D,"outside cylinder - upgrade of indoor cylinder",Pump/push,,,c0af45f4
"Black 1","Fichet-Bauche,Fichet-Bauche","M2B,M3B",,Wafer,,,f048719a
"Black 3",Fichet-Bauche,MPX,,Wafer,,"** **Special Picking Requirement:** Must be picked clockwise.",3b374cfc
"Black 3",GOAL,"Grand V",,Dimple,"High pin count",,3ca098da
"Black 1","GOAL,GOAL","V18,GP","14-16 pins",Dimple,"Overmilling,High pin count,Torpedo keypins",,63b2e02b
"Black 2","GOAL,GOAL","V18,GP","≥17 pins",Dimple,"Overmilling,High pin count,Torpedo keypins",,109531f4
"Black 1",GOAL,Z,"< 2 standard drivers",Pin-tumbler,"Gin spool drivers,Torpedo keypins,Overmilling,Undercut milling",,5103e650
"Black 2",Hori,Trident,"T-spool drivers",Dimple,"High pin count,Torpedo keypins",,e8c7dd5b
"Black 2",IKON,"SK6 Sperrwelle Extra Code","6 pin with 5 finger pins","Pin-tumbler,Sidepins","Rotating fingerpins,Active sidebar,Tapered drivers","IKON AKA Zeiss IKON - more info on [Lockwiki](https://www.lockwiki.com/index.php/IKON); upgrade of TK5 Sperrwellenprofil)",108549ba
"Black 1",IKON,WSW,"5 sliders","Pin-tumbler,Slider","High pin count,Active sidebar","IKON AKA Zeiss IKON - more info on [Lockwiki](https://www.lockwiki.com/index.php/IKON)",7e967792
"Black 2",IKON,WSW,"7 sliders, upgrade of WSW with 5 sliders","Pin-tumbler,Slider","High pin count,Active sidebar","IKON AKA Zeiss IKON - more info on [Lockwiki](https://www.lockwiki.com/index.php/IKON)",c9494ee8
"Black 1","JPM,Ruko","Surf,Combi Plus","6 pin with 5 side pins with 3 possible heights each","Pin-tumbler,Sidepins","Sidepins,Active sidebar,Barrel drivers,Serrated/threaded milling",,0082fa4c
"Black 1","Kaba,MIWA,Kaba","20,JN,Star","4 directions, ≥ 15 pins",Dimple,"High pin count",,8f99236e
"Black 1",Kaba,Matrix,"16 pins (fully pinned)",Dimple,"High pin count","High pin count",7d5c53c4
"Black 1",Kaba,Penta,"15-20 pins",Dimple,"High pin count",,68b5a797
"Black 2",Kaba,Penta,"21 or more pins",Dimple,"High pin count",,bc1509f5
"Black 1","Kaba,Kaba","Quattro,experT","15-20 pins",Dimple,"High pin count",,f7b52501
"Black 2","Kaba,Kaba","Quattro,experT","21 or more pins",Dimple,"High pin count",,10968d37
"Black 1",Kaba,Star,"≥ 5 rows, 16-20 pins",Dimple,"High pin count",,3ddfc71c
"Black 2",Kaba,Star,"≥ 5 rows, 21 or more pins",Dimple,"High pin count",,dfa88b94
"Black 1",Kaba,Titan,,Dimple,"High pin count",,d54a6b5f
"Black 5",Kromer,"Protector (BP55K)",,Wafer,,,f87db705
"Black 5",Kromer,"Protector (Non-BP55K)",,Wafer,,,50a463eb
"Black 1",Lockman,Megacross,"with pyramid drivers",Dimple,"High pin count",,f1857cef
"Black 1",MIWA,LB,,Slider,,,a2bd7f1e
"Black 1",MIWA,LS10,,Slider,"Sprung sliders",,f0e31f32
"Black 1",MIWA,PR,"7-8 unmastered elements",Lever/sidebar,"Partial gut","upgrade of MIWA PS",d0c510c5
"Black 2",MIWA,PR,"9-10 unmastered elements",Lever/sidebar,"Partial gut","upgrade of MIWA PS",21b61a85
"Black 3",MIWA,PR,"11 unmastered elements",Lever/sidebar,"Partial gut","upgrade of MIWA PS",91f40022
"Black 1",MIWA,U9,"8 unmastered elements, barred False gates (old shallow False gates counts as Red Belt)",Lever/sidebar,"Active sidebar,False gates,Partial gut",,71c7270b
"Black 2",MIWA,U9,"9 unmastered elements, barred False gates (old shallow False gates counts as BB1)",Lever/sidebar,"Active sidebar,False gates,Partial gut",,d1272b9f
"Black 1","Mottura,Mottura,Mottura,Mottura,Mottura","Champions C43,Champions C43 Plus,Champions C44,Champions C48,Champions C9P",,"Dimple,Other","Rotors,Latest changelog",,ae7d3780
"Black 1","Mul-T-Lock,Mul-T-Lock,Lockwood,IKON","MT5+,800,MT5,R10","not mastered","Dimple,Slider","Pin-in-pin,Interactive element,Active sidebar,Unsprung sliders,Undercut milling,False gates","IKON AKA Zeiss IKON - more info on [Lockwiki](https://www.lockwiki.com/index.php/IKON)",649eaebc
"Black 5",NATO,Mersey,"10 lever",Lever,"Safe lock,Pin key,Double bitted",,4f2ed774
"Black 5",NATO,Mersey,"14 lever",Lever,"Safe lock,Pin key,Double bitted",,f29a212f
"Black 4",Opnus,Memolis,,Lever/sidebar,,,6c0ec943
"Black 4",Opnus,MMXII,,Lever/sidebar,,,e151c916
"Black 2",Robur,"Disc Detainer Safe Deposit Lock",,"Disc detainer","Front/rear tension,False gates,Curtain","Curtain needs to be overcome. No means of correcting an overset known",5cba063b
"Black 1","Rosengrens,Rosengrens","32A81S,32C81P","triangular central posts and many False gates","Disc detainer","Front/rear tension,False gates","Hard to navigate and manipulate and often poor feedback",db63c882
"Black 1","Ruko,Ruko,FAB","Combi 2,Garant 10,Variant","6 pin with 5 finger pins","Pin-tumbler,Sidepins","Active sidebar,Barrel drivers,Serrated/threaded milling,Rotating fingerpins",,63a9a2b1
"Black 1",Sargent,Keso,,Dimple,"High pin count",,00cf7717
"Black 1",Tokoz,Pro,,"Disc detainer","Front/rear tension,Profile discs,Disc steering system,Disc blocker system,Bi-directional",,3198fffc
"Black 1",UrbanAlps,"Stealth Key SK1",,Lever/sidebar,"Partial gut",,e4bb0668
"Black 2",UrbanAlps,"Stealth Key SK2",,Lever/sidebar,"Partial gut",,284bf0b0
"Black 1","Vachette,Vachette,Vachette,Vachette,Vachette","Radial NT,Radial NT+,Radial,Radial S,Radial SI","≥ 18 pins",Dimple,"High pin count",,5def87d0
"Black 2",WEST,917,,Dimple,"High pin count",,23437955
"Black 3",WEST,941,,Dimple,"High pin count",,ca6c2e4c
"Black 5","Western Electric",30B,,Lever,"Cabinet lock,Flat steel key,Curtain,False gates",,e718b140
"Black 5","Western Electric",30C,,Lever,"Cabinet lock,Flat steel key,Curtain",,5a4310d5
"Black 1",Winkhaus,X-Tra,"≥13 pins",Dimple,"High pin count",,d1a5cd90
"Black 2",Yanai,"R 2200M",">= 17 pins",Dimple,"High pin count,Latest changelog",,a8e79394
"Black 1",Yanai,"R 2200M","14-16 pins",Dimple,"High pin count,Latest changelog",,a974eb0c
"Black 5","Yuema,Forte","750,Enigma",,Slider,"Reverse sidebar",,0b604114
Unranked,"A.S.I. Inc.","Royal Guardian",,Dimple,"Under Review ⚑,Pin-in-pin,Trap element,Picking Risk","If trap elements are not dealt with, the lock will soft-brick, requiring a gut to fix.",6f837bb4
Unranked,ABA,108418,5+,"Disc detainer","Under Review ⚑",,3b7643da
Unranked,Abloy,AVA,"flat & half-round key",Wafer,"Under Review ⚑,Image Test",,9ae8b650
Unranked,ABUS,34/55,,,"Under Review ⚑",,f72085d2
Unranked,ABUS,41,,,"Under Review ⚑",,18ecc45b
Unranked,ABUS,E100,"5 pins",Pin-tumbler,"Under Review ⚑",,05d357bb
Unranked,ABUS,"Vela 2000 Mx",,Dimple,"Under Review ⚑","2 spools, 2 ""barrels"", 1 special passive pin",b370e57b
Unranked,,Angal,"5 serrated pin-in-pin ",Dimple,"Under Review ⚑",,fd93632b
Unranked,Antoniolini,Mondial,"5 H-levers",Lever,"Pin key,Double bitted,Sliding levers",,f468ff5f
Unranked,Arrow,"ChoICe HS SFIC",,"Pin-tumbler,Sidepins","Under Review ⚑,Sidepins,Active sidebar","6/7 pin SFIC with ASSA twin 6000 sidebar",c2db34fb
Unranked,"ASSA,Ruko","500,500","5 stacks of pins, gin drivers and matching countermilling",Pin-tumbler,"Removed,Latest changelog","There is no evidence that this lock ever existed. All instances of ASSA 500 with gins observed so far were the sleeve version. Nobody has brought forth any evidence that a version with gin milling in the core actually exists or ever existed.",f2d41749
Unranked,"ASSA,ASSA","H5,H7",,,"Under Review ⚑",,e10b4a20
Unranked,BHP,"Home Depot Brand 5 pin lock",,,"Under Review ⚑",,b68b677c
Unranked,BKS,Belvius,,,"Under Review ⚑",,2a69b223
Unranked,BKS,"Detect 3","with active sidebar","Pin-tumbler,Sidebar","Active sidebar",,29dab5b8
Unranked,Boda,428/429,"8 levers",Lever,"Under Review ⚑,Image Test",,08c823ed
Unranked,,Bond,,Pin-tumbler,"Under Review ⚑",,4062aefb
Unranked,Bovii,LOTO,"dimple lock",Dimple,"Image Test",,e35a3c91
Unranked,Bowley,543,,Pin-tumbler,,,b1949215
Unranked,Bowley,Rotasera,,,,,e35772c9
Unranked,"Burg Wächter","Profi 116/25",,Pin-tumbler,"Under Review ⚑",,c77a4ac8
Unranked,"Burg Wächter","Profi 116/30",,Pin-tumbler,"Under Review ⚑",,35adb4d6
Unranked,"Burg Wächter","Profi 116/50","50mm or larger",Pin-tumbler,"Under Review ⚑",,bbfd4108
Unranked,CATU,AL-230,"4 pins",Pin-tumbler,,"LOTO style, inside has Zenith 18 padlock",033ab190
Unranked,"CAWI,CAWI","7113,7123",,,"Under Review ⚑",,c6a14e93
Unranked,CAWI,"Protector 7143",,,"Under Review ⚑",,5995db9e
Unranked,Chubb,6k202,"7 lever with anti-pick",Lever,"Under Review ⚑",,267e47c4
Unranked,Chubb,AVA,"rounded shaft key, 10 wafers",Wafer,"Under Review ⚑",,dbc6670b
Unranked,Chubb,Detector,"curtained, 6 levers",Lever,"Curtain,Pin key,False gates",,c1c7e9d2
Unranked,Chubb,"GPO No.6",,,"Under Review ⚑",,c2c1f8e0
Unranked,CISA,810,,,"Under Review ⚑",,22d70f2e
Unranked,Codkey,"Locksys MME (micro magnetic element)",,"Dimple,Magnet","Under Review ⚑",,45bb95df
Unranked,"Corbin Russwin",Emhart,"Cam Lock - 5 pin",Pin-tumbler,"Under Review ⚑,Interlocking pins",,bf43348b
Unranked,Crown,no.100,"solid brass padlock 5-Pin",,"Under Review ⚑",,4d738de3
Unranked,"D'Alembert Métal","Serie S","9 pins, 4 sliders","Dimple,Slider","Unsprung sliders,Active sidebar",,aebd0373
Unranked,"Defiant,","Deadbolt,exterior","5 pins, 3+ spools",Pin-tumbler,"Under Review ⚑,cylinder",,59dab099
Unranked,"Defiant,","Deadbolt,interior","5 pins, 2 spools",Pin-tumbler,"Under Review ⚑,cylinder",,5f600c8e
Unranked,Ezcurra,DS-15,,Dimple,"Under Review ⚑",,abe6074c
Unranked,Fichet,"5 lever",,Lever,"Pin key,Single bitted",,cadec525
Unranked,Fichet-Bauche,M2i,,Pump/push,"Under Review ⚑",,d6e6039e
Unranked,"Folger Adam",80,,Lever,"Flat steel key,Single bitted,False gates",,89207b78
Unranked,Gaab,"6-pin Dimple Lock",,Dimple,"Under Review ⚑",,cd5acff8
Unranked,Generic/Unranked,"Lock Cylinder","5 or more pins, all standard",Pin-tumbler,cylinder,"Includes training locks (no cutaways) and common brands such as: Defiant, Reliabilt, etc.",8b3a89ec
Unranked,Generic/Unranked,"Lock Cylinder","5 or more pins, 1 or more security pins",Pin-tumbler,cylinder,"Includes training locks (no cutaways) and common brands such as: Defiant, Reliabilt, etc.",d3bdab01
Unranked,Gera,3500,,,"Under Review ⚑",,88085257
Unranked,,Helason,"16-pin round key",Dimple,"Under Review ⚑",,93324d19
Unranked,Heracles,y8,,,"Under Review ⚑","require 360° picking",352d0624
Unranked,Hobbs,"4 lever cabinet lock","uncurtained, no False gates",Lever,"Under Review ⚑,Cabinet lock,Uncurtained,Pipe key",,81c91d86
Unranked,"Hong Dun","model tbd","security pinned dimple with sliders",,"Under Review ⚑",,4c90dcbd
Unranked,Hori,1601,,Lever,,,476995cc
Unranked,Hori,Trident,"standard pins",Dimple,"Under Review ⚑",,97e1ae9f
Unranked,ISEO,"F6 extra S3",,,"Under Review ⚑",,895be796
Unranked,Kaba,"Gemini T","≥13 pins",Dimple,"Under Review ⚑","High pin count",a7d98df3
Unranked,"Kawaha,Magmaus","(any),(any)",,,"Under Review ⚑",,ab9df828
Unranked,Kibb,"5 lever",,Lever,"Under Review ⚑",,991c6c07
Unranked,"La Gard",2270,,,"Under Review ⚑",,c65959a3
Unranked,Laperche,Diam,,Dimple,,,64662298
Unranked,legallais,"Ancre 40 (632 002)",,Pin-tumbler,,,2eeb9bee
Unranked,Lince,"C plus alarm",,,"Under Review ⚑",,8e11009a
Unranked,Marks,"high security SFIC",,Pin-tumbler,"Under Review ⚑",,f74e0e97
Unranked,"Master Lock",160,,Pin-tumbler,"Under Review ⚑",,7b69a331
Unranked,"Master Lock",2950EURD,,Dimple,"Under Review ⚑",,a6f31065
Unranked,MCM,SS,,Dimple,"Under Review ⚑","Requires 360º",85f92137
Unranked,"Medeco,Medeco","Biaxial Camlock,M3 Camlock","<4 pins ***","Sidebar,Slider","Rotating gated keypins,False gates,Active sidebar","*** **Special Picking Requirement:** Must be raked prior to picking to reset pin combination",58c676d3
Unranked,Medeco,KeyMark,,Pin-tumbler,"Under Review ⚑",,01c9e8d1
Unranked,Medeco,X4,,Pin-tumbler,"Under Review ⚑",,0684a655
Unranked,Mindy,"AF 8-50 smiley dimple padlock",,Dimple,"Under Review ⚑",,e6872b30
Unranked,MIWA,PX,,Pin-tumbler,,,fb472463
Unranked,MIWA,"Star Orion","6 rows",Dimple,"High pin count",,4150776b
Unranked,MIWA,WR,,Slider,,"Dual sidebar",ccdbffbf
Unranked,Mottura,"72 - Double bitted key","6 H-levers",Lever,"Sliding levers,Double bitted",,e9d77a86
Unranked,,Ohshima,"3 row dimple",Dimple,"Under Review ⚑,High pin count",,ea4834c8
Unranked,Picard,"CR Serrature","3 points pump lock",Pump/push,"Under Review ⚑",,2ac99741
Unranked,Picard,VAK10,,Pump/push,,,ed0a9b08
Unranked,Pollux,gm05,,Pump/push,"Under Review ⚑",,3ca24202
Unranked,"Rav Bariach",Dynamic,"with sliders",,"Under Review ⚑",,9637ddde
Unranked,Reliabilt,"Deadbolt cylinder","5 pins, all standard",Pin-tumbler,"Under Review ⚑,cylinder",,d87bb501
Unranked,Ri-Key,"High Security (MTL clone)",,,"Under Review ⚑",,6cb514ea
Unranked,Rosengrens,24K,,"Disc detainer","Under Review ⚑",,9b528165
Unranked,Rosengrens,RKL-10,,,"Under Review ⚑,Swappable bitting",,5646568c
Unranked,Ross,102,,Lever,"Pin key,Single bitted",,d78c58be
Unranked,Ross,600,,Lever,"Pin key,Single bitted",,9a20e22d
Unranked,S&G,4163,"8 levers",Lever,"Flat steel key,Single bitted,False gates","Sargent & Greenleaf lever lock",b4d87196
Unranked,S&G,6804,"7 levers",Lever,"Pin key,Single bitted,False gates","Sargent & Greenleaf lever lock",8a7eee5c
Unranked,S&G,6870,"9 levers",Lever,"Under Review ⚑","Sargent & Greenleaf lever lock",894238be
Unranked,S&G,6880,"9 levers",Lever,"Double bitted,False gates","Sargent & Greenleaf lever lock",62cbb01c
Unranked,SAG,"5 pin tubular",,Pump/push,"Under Review ⚑",,e713e7e6
Unranked,"Schlage,Keiden","Cor-Key,M40",,Magnet,"Under Review ⚑",,a72739bc
Unranked,Segal,"Six Lever",,Lever,"Under Review ⚑",,452aaa17
Unranked,SOL,2500,"10mm (2pins)",Pin-tumbler,"Under Review ⚑",,97baf67b
Unranked,SOL,2500,"15mm up to 35mm (3pins)",Pin-tumbler,"Under Review ⚑",,0d0bf1a5
Unranked,SOL,2500,"40mm up to 45mm (4pins / spools)",Pin-tumbler,"Under Review ⚑",,29d423c8
Unranked,SOL,2500,"50mm up to 70mm (5pins / spools)",Pin-tumbler,"Under Review ⚑",,53365ed3
Unranked,Squire,550,"4 brass levers padlock",Lever,"Pin key,Single bitted",,6d63be2d
Unranked,STUV,4.19.94,"10 levers",Lever,"Pin key,Double bitted,False gates",,dc8dfd58
Unranked,STUV,"4.19.97 IVOX",,Lever,"Pin key,Double bitted",,6b67b5e4
Unranked,Takigen,T-999,"9 pins-standards in two opposing rows",,"Under Review ⚑",,a77899fe
Unranked,"Takigen,Clover","Wavelock disc detainer,Wavelock disc detainer","9 discs","Disc detainer","Under Review ⚑",,174e20c0
Unranked,Tann,"9 lever","9 levers",Lever,"Pin key,Single bitted,Swappable bitting,False gates",,624d7e96
Unranked,Tann,Vardeskydd,"8? levers",Lever,"Pipe key,Double bitted,False gates,Sliding levers",,a2074b7f
Unranked,Thirard,Axira,,Pump/push,,,db3b4b1c
Unranked,Trelock,"SUPER Padlock",,,"Under Review ⚑",,9a99a0a7
Unranked,,U-Change,,Pin-tumbler,,,9d35efa9
Unranked,"Union,Union","2134,2234","5 lever",Lever,"Under Review ⚑,Curtain","(simliar to the blue belt StrongBOLT 2100)",8dc5dbb4
Unranked,Union,2134e,"5 lever",Lever,"Pin key,False gates",,45cadc22
Unranked,Voga,X18,,,"Under Review ⚑",,90b4ade7
Unranked,,War-Lok,,,"Under Review ⚑",,fa9fb7e1
Unranked,Wilka,3700,,,"Under Review ⚑",,288c8f6e
Unranked,Wilka,"Primus VX",,,"Under Review ⚑",,10679814
Unranked,Wilson,"18 Pins",,Pin-tumbler,"Under Review ⚑","Cruciform Lock",c4a2fbe5
Unranked,Yale,Bicentric,,Pin-tumbler,"Under Review ⚑",,e16080de
Unranked,Yale,YE3B,,,"Under Review ⚑",,ad6b0d8f
Unranked,Yardeni,10,,Dimple,"Under Review ⚑","9 pins, 2 spools more restricted keyway than XL model",0757b1ed
Unranked,Yardeni,"Super XL",,Dimple,"Under Review ⚑","8 pin dimple with interactive element on the key",2b6dd267
Unranked,Yardeni,XL,,Dimple,"Under Review ⚑","8 pin dimple with more restrictive keyway than 6 pin yardeni",a7ffa199
Unranked,Zarker,J55/J55S,,"Disc detainer","Rear tension","Can be front tensioned and counterrotated",074db05e
Unranked,Zeta,Padlock,,,"Under Review ⚑",,5e3397a9