07034c0f,1,,,,
07034c0f,2,,,,
07034c0f,3,,,,
07034c0f,4,,,,
3ac43ea8,1,,,,
3ac43ea8,2,,,,
901b35b2,1,,,,
901b35b2,2,,,,
b22bdd44,1,,,,
b22bdd44,2,,,,
5ff7457c,1,,,,
5ff7457c,2,,,,
5ff7457c,3,,,,
9423b4a4,1,,,,
d000f733,1,,,,
d000f733,2,,,,
d000f733,3,,,,
8cb1a776,1,,,,
8cb1a776,2,,,,
8cb1a776,3,,,,
8cb1a776,4,,,,
5dc117cd,1,,,,
5dc117cd,2,,,,
5dc117cd,3,,,,
5a91e6a5,1,,,,
5a91e6a5,2,,,,
5a91e6a5,3,,,,
38289b36,1,,,,
38289b36,2,,,,
38289b36,3,,,,
38289b36,4,,,,
38289b36,5,,,,
38289b36,6,,,,
562e964e,1,,,,
562e964e,2,,,,
562e964e,3,,,,
562e964e,4,,,,
562e964e,5,,,,
562e964e,6,,,,
562e964e,7,,,,
562e964e,8,,,,
562e964e,9,,,,
562e964e,10,,,,
562e964e,11,,,,
562e964e,12,,,,
dff62f52,1,,,,
dff62f52,2,,,,
dff62f52,3,,,,
dff62f52,4,,,,
c800618f,1,,,,
c800618f,2,,,,
c800618f,3,,,,
c800618f,4,,,,
c800618f,5,,,,
c800618f,6,,,,
c800618f,7,,,,
c800618f,8,,,,
f10deed6,1,,,,
f10deed6,2,,,,
f10deed6,3,,,,
f10deed6,4,,,,
4bbeeb48,1,,,,
4bbeeb48,2,,,,
79adf554,1,,,,
79adf554,2,,,,
79adf554,3,,,,
79adf554,4,,,,
36d4123c,1,,,,
36d4123c,2,,,,
2201a1b1,1,,,,
c7d2eca1,1,,,,
c7d2eca1,2,,,,
c7d2eca1,3,,,,
c7d2eca1,4,,,,
693abee0,1,,,,
693abee0,2,,,,
1ce31c29,1,,,,
1ce31c29,2,,,,
1ce31c29,3,,,,
1ce31c29,4,,,,
1ce31c29,5,,,,
805fc883,1,,,,
805fc883,2,,,,
805fc883,3,,,,
423dbebe,1,,,,
423dbebe,2,,,,
9d830052,1,,,,
9d830052,2,,,,
abdf3acd,1,,,,
abdf3acd,2,,,,
abdf3acd,3,,,,
abdf3acd,4,,,,
82ea52a4,1,,,,
a0d1bf97,1,,,,
a0d1bf97,2,,,,
a0d1bf97,3,,,,
a0d1bf97,4,,,,
a1581afe,1,,,,
a1581afe,2,,,,
aa15b066,1,,,,
aa15b066,2,,,,
7b4ce02a,1,,,,
32244161,1,,,,
32244161,2,,,,
d6d43c00,1,,,,
d974b48f,1,,,,
d974b48f,2,,,,
d974b48f,3,,,,
d974b48f,4,,,,
d974b48f,5,,,,
d974b48f,6,,,,
58307da0,1,,,,
58307da0,2,,,,
58307da0,3,,,,
58307da0,4,,,,
58307da0,5,,,,
58307da0,6,,,,
58307da0,7,,,,
9215a45f,1,,,,
9215a45f,2,,,,
9215a45f,3,,,,
9215a45f,4,,,,
9215a45f,5,,,,
9215a45f,6,,,,
9215a45f,7,,,,
9215a45f,8,,,,
9215a45f,9,,,,
a8c9aa08,1,,,,
1cad075e,1,,,,
50fbf666,1,,,,
50fbf666,2,,,,
50fbf666,3,,,,
50fbf666,4,,,,
4d7dd1a0,1,,,,
4d7dd1a0,2,,,,
4d7dd1a0,3,,,,
4d7dd1a0,4,,,,
6ca3420d,1,,,,
6ca3420d,2,,,,
6ca3420d,3,,,,
7f56acb9,1,,,,
7f56acb9,2,,,,
b517a7ef,1,,,,
b517a7ef,2,,,,
b517a7ef,3,,,,
b517a7ef,4,,,,
b517a7ef,5,,,,
9a5b3f53,1,,,,
9a5b3f53,2,,,,
90267144,1,,,,
90267144,2,,,,
4938772f,1,,,,
4938772f,2,,,,
a8d996c0,1,,,,
a8d996c0,2,,,,
a8d996c0,3,,,,
a8d996c0,4,,,,
75d883a0,1,,,,
75d883a0,2,,,,
c2306424,1,,,,
71eea804,1,,,,
71eea804,2,,,,
71eea804,3,,,,
71eea804,4,,,,
1376f489,1,,,,
1376f489,2,,,,
5e3f057f,1,,,,
5e3f057f,2,,,,
5e3f057f,3,,,,
ba5584ca,1,,,,
ba5584ca,2,,,,
be3fef00,1,,,,
be3fef00,2,,,,
be3fef00,3,,,,
6a51a8b7,1,,,,
63a898da,1,,,,
63a898da,2,,,,
234de3bc,1,,,,
234de3bc,2,,,,
234de3bc,3,,,,
234de3bc,4,,,,
7a7833f3,1,,,,
7a7833f3,2,,,,
7a7833f3,3,,,,
7a7833f3,4,,,,
033f8958,1,,,,
033f8958,2,,,,
033f8958,3,,,,
033f8958,4,,,,
d98f267e,1,,,,
d98f267e,2,,,,
7eaffc73,1,,,,
098cc99c,1,,,,
098cc99c,2,,,,
098cc99c,3,,,,
098cc99c,4,,,,
7c79137c,1,,,,
866660d6,1,,,,
866660d6,2,,,,
2455f0ae,1,,,,
2455f0ae,2,,,,
2455f0ae,3,,,,
2455f0ae,4,,,,
2455f0ae,5,,,,
2455f0ae,6,,,,
2455f0ae,7,,,,
2455f0ae,8,,,,
2455f0ae,9,,,,
2455f0ae,10,,,,
2455f0ae,11,,,,
2455f0ae,12,,,,
759d0d0f,1,,,,
759d0d0f,2,,,,
759d0d0f,3,,,,
759d0d0f,4,,,,
759d0d0f,5,,,,
df703850,1,,,,
df703850,2,,,,
df703850,3,,,,
df703850,4,,,,
df703850,5,,,,
df703850,6,,,,
df703850,7,,,,
d5053e6d,1,,,,
d5053e6d,2,,,,
d5053e6d,3,,,,
d5053e6d,4,,,,
d5053e6d,5,,,,
d5053e6d,6,,,,
d5053e6d,7,,,,
d5053e6d,8,,,,
6af6f704,1,,,,
6af6f704,2,,,,
6af6f704,3,,,,
6c365304,1,,,,
6c365304,2,,,,
6c365304,3,,,,
6c365304,4,,,,
8824c0e5,1,,,,
40f7d7c7,1,,,,
40f7d7c7,2,,,,
40f7d7c7,3,,,,
40f7d7c7,4,,,,
a460c971,1,,,,
a460c971,2,,,,
a460c971,3,,,,
a460c971,4,,,,
a460c971,5,,,,
a460c971,6,,,,
920b7da1,1,,,,
920b7da1,2,,,,
ed713b97,1,,,,
ed713b97,2,,,,
ed713b97,3,,,,
ed713b97,4,,,,
ed713b97,5,,,,
ed713b97,6,,,,
ed713b97,7,,,,
ed713b97,8,,,,
ed713b97,9,,,,
ed713b97,10,,,,
ed713b97,11,,,,
9fd77c9a,1,,,,
9fd77c9a,2,,,,
4b32e9dd,1,,,,
4b32e9dd,2,,,,
4b32e9dd,3,,,,
4b32e9dd,4,,,,
67b285d9,1,,,,
67b285d9,2,,,,
0feafca7,1,,,,
0feafca7,2,,,,
0feafca7,3,,,,
0feafca7,4,,,,
16e9d2ab,1,,,,
16e9d2ab,2,,,,
16e9d2ab,3,,,,
16e9d2ab,4,,,,
632f4069,1,,,,
632f4069,2,,,,
632f4069,3,,,,
632f4069,4,,,,
632f4069,5,,,,
632f4069,6,,,,
d7188e81,1,,,,
d7188e81,2,,,,
d7188e81,3,,,,
52f1e117,1,,,,
52f1e117,2,,,,
52f1e117,3,,,,
a0e50505,1,,,,
a0e50505,2,,,,
a0e50505,3,,,,
a0e50505,4,,,,
a0e50505,5,,,,
3653f376,1,,,,
3653f376,2,,,,
3653f376,3,,,,
3653f376,4,,,,
3653f376,5,,,,
683e4f33,1,,,,
683e4f33,2,,,,
683e4f33,3,,,,
d7479fd6,1,,,,
d7479fd6,2,,,,
d7479fd6,3,,,,
afd3e51d,1,,,,
afd3e51d,2,,,,
afd3e51d,3,,,,
afd3e51d,4,,,,
bc1ed715,1,,,,
bc1ed715,2,,,,
80667814,1,,,,
80667814,2,,,,
1dc9f802,1,,,,
1dc9f802,2,,,,
204d85a7,1,,,,
204d85a7,2,,,,
1050a58c,1,,,,
1050a58c,2,,,,
bf8970de,1,,,,
bf8970de,2,,,,
bf8970de,3,,,,
bac43ba7,1,,,,
9ea2c500,1,,,,
9ea2c500,2,,,,
9ea2c500,3,,,,
9ea2c500,4,,,,
46ec197e,1,,,,
46ec197e,2,,,,
46ec197e,3,,,,
1bba03a6,1,,,,
1bba03a6,2,,,,
d49f60fe,1,,,,
d49f60fe,2,,,,
d49f60fe,3,,,,
d49f60fe,4,,,,
171f76e9,1,,,,
171f76e9,2,,,,
171f76e9,3,,,,
171f76e9,4,,,,
171f76e9,5,,,,
1a8afeac,1,,,,
1a8afeac,2,,,,
1a8afeac,3,,,,
1a8afeac,4,,,,
1a8afeac,5,,,,
b7b0fdbd,1,,,,
b7b0fdbd,2,,,,
b7b0fdbd,3,,,,
b7b0fdbd,4,,,,
b7b0fdbd,5,,,,
3b3e78b0,1,,,,
606275d8,1,,,,
606275d8,2,,,,
99057c44,1,,,,
99057c44,2,,,,
99057c44,3,,,,
99057c44,4,,,,
99057c44,5,,,,
2b948dc5,1,,,,
2b948dc5,2,,,,
2b948dc5,3,,,,
677afce6,1,,,,
26315d0f,1,,,,
26315d0f,2,,,,
140d2878,1,,,,
140d2878,2,,,,
b5e210ec,1,,,,
b5e210ec,2,,,,
b5e210ec,3,,,,
b5e210ec,4,,,,
b5e210ec,5,,,,
0795d01a,1,,,,
0795d01a,2,,,,
0795d01a,3,,,,
0795d01a,4,,,,
0795d01a,5,,,,
0795d01a,6,,,,
d7c8eec1,1,,,,
0756b9e9,1,,,,
0756b9e9,2,,,,
0756b9e9,3,,,,
0756b9e9,4,,,,
5b5c6a9e,1,,,,
5b5c6a9e,2,,,,
5b5c6a9e,3,,,,
5b5c6a9e,4,,,,
5b5c6a9e,5,,,,
5b5c6a9e,6,,,,
ed0e0d36,1,,,,
ed0e0d36,2,,,,
3e5236c7,1,,,,
d261a3ba,1,,,,
d261a3ba,2,,,,
d261a3ba,3,,,,
d261a3ba,4,,,,
d261a3ba,5,,,,
9bc8809e,1,,,,
4f0e4a4b,1,,,,
4f0e4a4b,2,,,,
4f0e4a4b,3,,,,
4f0e4a4b,4,,,,
4f0e4a4b,5,,,,
4f0e4a4b,6,,,,
4f0e4a4b,7,,,,
a5a164ad,1,,,,
a5a164ad,2,,,,
a5a164ad,3,,,,
b8e2aa32,1,,,,
b8e2aa32,2,,,,
b8e2aa32,3,,,,
380aeb89,1,,,,
380aeb89,2,,,,
380aeb89,3,,,,
380aeb89,4,,,,
237f29c9,1,,,,
237f29c9,2,,,,
237f29c9,3,,,,
efc01233,1,,,,
efc01233,2,,,,
efc01233,3,,,,
efc01233,4,,,,
efc01233,5,,,,
8d67f9b7,1,,,,
8d67f9b7,2,,,,
8d67f9b7,3,,,,
8d67f9b7,4,,,,
e2e15f47,1,,,,
e2e15f47,2,,,,
e2e15f47,3,,,,
e2e15f47,4,,,,
e2e15f47,5,,,,
9ca2c109,1,,,,
9ca2c109,2,,,,
9ca2c109,3,,,,
9ca2c109,4,,,,
9ca2c109,5,,,,
9ca2c109,6,,,,
9ca2c109,7,,,,
9ca2c109,8,,,,
9ca2c109,9,,,,
9ca2c109,10,,,,
9441e2cc,1,,,,
9441e2cc,2,,,,
9441e2cc,3,,,,
50fdf847,1,,,,
50fdf847,2,,,,
50fdf847,3,,,,
74f65a9c,1,,,,
74f65a9c,2,,,,
74f65a9c,3,,,,
74f65a9c,4,,,,
f2a8a932,1,,,,
f2a8a932,2,,,,
f2a8a932,3,,,,
7d9d715d,1,,,,
7d9d715d,2,,,,
7b65effd,1,,,,
7b65effd,2,,,,
ecd83598,1,,,,
ecd83598,2,,,,
07d4fec6,1,,,,
07d4fec6,2,,,,
07d4fec6,3,,,,
8c0171f9,1,,,,
8c0171f9,2,,,,
ab17daa6,1,,,,
ab17daa6,2,,,,
ab17daa6,3,,,,
ab17daa6,4,,,,
ab17daa6,5,,,,
ab17daa6,6,,,,
ab17daa6,7,,,,
ab17daa6,8,,,,
222bd1fa,1,,,,
222bd1fa,2,,,,
222bd1fa,3,,,,
fb246ac0,1,,,,
fb246ac0,2,,,,
fb246ac0,3,,,,
fb246ac0,4,,,,
fb246ac0,5,,,,
fb246ac0,6,,,,
fb246ac0,7,,,,
0f0dcd42,1,,,,
0f0dcd42,2,,,,
0f0dcd42,3,,,,
0f0dcd42,4,,,,
fb3daa70,1,,,,
fb3daa70,2,,,,
fb3daa70,3,,,,
db1040e5,1,,,,
db1040e5,2,,,,
db1040e5,3,,,,
db1040e5,4,,,,
db1040e5,5,,,,
db1040e5,6,,,,
98a2ba2d,1,,,,
98a2ba2d,2,,,,
98a2ba2d,3,,,,
98a2ba2d,4,,,,
98a2ba2d,5,,,,
98a2ba2d,6,,,,
98a2ba2d,7,,,,
ea6539c8,1,,,,
ea6539c8,2,,,,
ea6539c8,3,,,,
ea6539c8,4,,,,
ea6539c8,5,,,,
ea6539c8,6,,,,
74a00ae3,1,,,,
74a00ae3,2,,,,
74a00ae3,3,,,,
74a00ae3,4,,,,
74a00ae3,5,,,,
e42853c7,1,,,,
e42853c7,2,,,,
e42853c7,3,,,,
e42853c7,4,,,,
e42853c7,5,,,,
e42853c7,6,,,,
47e7cf73,1,,,,
47e7cf73,2,,,,
47e7cf73,3,,,,
47e7cf73,4,,,,
47e7cf73,5,,,,
47e7cf73,6,,,,
47e7cf73,7,,,,
e1625c4d,1,,,,
e1625c4d,2,,,,
e1625c4d,3,,,,
e1625c4d,4,,,,
e1625c4d,5,,,,
9da8ebe0,1,,,,
9da8ebe0,2,,,,
9da8ebe0,3,,,,
9da8ebe0,4,,,,
95a9d73c,1,,,,
95a9d73c,2,,,,
95a9d73c,3,,,,
f97700ff,1,,,,
f97700ff,2,,,,
f97700ff,3,,,,
f97700ff,4,,,,
f97700ff,5,,,,
f97700ff,6,,,,
f97700ff,7,,,,
f97700ff,8,,,,
2484ce70,1,,,,
2484ce70,2,,,,
2484ce70,3,,,,
2484ce70,4,,,,
2484ce70,5,,,,
2484ce70,6,,,,
2484ce70,7,,,,
2484ce70,8,,,,
cf5bd73b,1,,,,
cf5bd73b,2,,,,
cf5bd73b,3,,,,
cf5bd73b,4,,,,
cf5bd73b,5,,,,
cf5bd73b,6,,,,
13b06cba,1,,,,
13b06cba,2,,,,
13b06cba,3,,,,
13b06cba,4,,,,
5c5a2309,1,,,,
5c5a2309,2,,,,
5c5a2309,3,,,,
5c5a2309,4,,,,
5c5a2309,5,,,,
5c5a2309,6,,,,
5c5a2309,7,,,,
5c5a2309,8,,,,
f488f48e,1,,,,
f488f48e,2,,,,
f488f48e,3,,,,
f488f48e,4,,,,
bc6837f8,1,,,,
bc6837f8,2,,,,
bc6837f8,3,,,,
bc6837f8,4,,,,
bc6837f8,5,,,,
bc6837f8,6,,,,
304df868,1,,,,
c4130a64,1,,,,
b0076ed7,1,,,,
b0076ed7,2,,,,
1b10225b,1,,,,
1b10225b,2,,,,
1b10225b,3,,,,
1b10225b,4,,,,
1b10225b,5,,,,
1b10225b,6,,,,
9adbc90f,1,,,,
3af47daf,1,,,,
3af47daf,2,,,,
3af47daf,3,,,,
3af47daf,4,,,,
3af47daf,5,,,,
3af47daf,6,,,,
3af47daf,7,,,,
1dafd552,1,,,,
1dafd552,2,,,,
1dafd552,3,,,,
1dafd552,4,,,,
200605b9,1,,,,
200605b9,2,,,,
200605b9,3,,,,
200605b9,4,,,,
2ae1e0b8,1,,,,
2ae1e0b8,2,,,,
2ae1e0b8,3,,,,
2ae1e0b8,4,,,,
2ae1e0b8,5,,,,
2ae1e0b8,6,,,,
2ae1e0b8,7,,,,
2ae1e0b8,8,,,,
2ae1e0b8,9,,,,
1ae40987,1,,,,
1ae40987,2,,,,
1ae40987,3,,,,
b16ffe3f,1,,,,
b16ffe3f,2,,,,
81fbd528,1,,,,
81fbd528,2,,,,
81fbd528,3,,,,
81fbd528,4,,,,
6f954c60,1,,,,
b3af5e62,1,,,,
b3af5e62,2,,,,
5a6170fb,1,,,,
5a6170fb,2,,,,
5a6170fb,3,,,,
5a6170fb,4,,,,
5a6170fb,5,,,,
5a6170fb,6,,,,
5a6170fb,7,,,,
5a6170fb,8,,,,
dbc1279d,1,,,,
dbc1279d,2,,,,
dbc1279d,3,,,,
dbc1279d,4,,,,
e84582aa,1,,,,
e84582aa,2,,,,
e84582aa,3,,,,
e84582aa,4,,,,
e84582aa,5,,,,
0b82681f,1,,,,
0b82681f,2,,,,
0b82681f,3,,,,
0b82681f,4,,,,
0b82681f,5,,,,
0b82681f,6,,,,
e2fd1519,1,,,,
e2fd1519,2,,,,
e2fd1519,3,,,,
e2fd1519,4,,,,
e2fd1519,5,,,,
ca6ce763,1,,,,
ca6ce763,2,,,,
ca6ce763,3,,,,
ca6ce763,4,,,,
ca6ce763,5,,,,
bfc7c700,1,,,,
bfc7c700,2,,,,
bfc7c700,3,,,,
bfc7c700,4,,,,
bea71188,1,,,,
bea71188,2,,,,
bea71188,3,,,,
27f1aaae,1,,,,
27f1aaae,2,,,,
27f1aaae,3,,,,
27f1aaae,4,,,,
27f1aaae,5,,,,
747c00fd,1,,,,
747c00fd,2,,,,
747c00fd,3,,,,
747c00fd,4,,,,
a6e954a6,1,,,,
59f78114,1,,,,
59f78114,2,,,,
59f78114,3,,,,
59f78114,4,,,,
b099c88a,1,,,,
b099c88a,2,,,,
b099c88a,3,,,,
569dd487,1,,,,
569dd487,2,,,,
569dd487,3,,,,
569dd487,4,,,,
569dd487,5,,,,
569dd487,6,,,,
135ef1c0,1,,,,
135ef1c0,2,,,,
135ef1c0,3,,,,
135ef1c0,4,,,,
135ef1c0,5,,,,
ec0a2659,1,,,,
ec0a2659,2,,,,
ec0a2659,3,,,,
4bc2b65a,1,,,,
4bc2b65a,2,,,,
4bc2b65a,3,,,,
4bc2b65a,4,,,,
4bc2b65a,5,,,,
e957e0d6,1,,,,
e957e0d6,2,,,,
e957e0d6,3,,,,
e957e0d6,4,,,,
e957e0d6,5,,,,
e957e0d6,6,,,,
e957e0d6,7,,,,
e957e0d6,8,,,,
e957e0d6,9,,,,
14f021bb,1,,,,
14f021bb,2,,,,
14f021bb,3,,,,
bd9dc1e4,1,,,,
bd9dc1e4,2,,,,
bd9dc1e4,3,,,,
bd9dc1e4,4,,,,
bd9dc1e4,5,,,,
bd9dc1e4,6,,,,
dd155241,1,,,,
dd155241,2,,,,
dd155241,3,,,,
dd155241,4,,,,
1fbf6a7a,1,,,,
1fbf6a7a,2,,,,
1fbf6a7a,3,,,,
1fbf6a7a,4,,,,
1fbf6a7a,5,,,,
1fbf6a7a,6,,,,
1fbf6a7a,7,,,,
1fbf6a7a,8,,,,
1fbf6a7a,9,,,,
826fc531,1,,,,
826fc531,2,,,,
826fc531,3,,,,
826fc531,4,,,,
826fc531,5,,,,
826fc531,6,,,,
826fc531,7,,,,
83ac6e00,1,,,,
83ac6e00,2,,,,
83ac6e00,3,,,,
43fd87ae,1,,,,
43fd87ae,2,,,,
43fd87ae,3,,,,
43fd87ae,4,,,,
43fd87ae,5,,,,
43fd87ae,6,,,,
43fd87ae,7,,,,
43fd87ae,8,,,,
20f3575c,1,,,,
20f3575c,2,,,,
20f3575c,3,,,,
a832e82d,1,,,,
a832e82d,2,,,,
a832e82d,3,,,,
a832e82d,4,,,,
a832e82d,5,,,,
a832e82d,6,,,,
a832e82d,7,,,,
9d478029,1,,,,
9d478029,2,,,,
9d478029,3,,,,
f7f31800,1,,,,
f7f31800,2,,,,
f7f31800,3,,,,
73a718cb,1,,,,
73a718cb,2,,,,
73a718cb,3,,,,
73a718cb,4,,,,
73a718cb,5,,,,
73a718cb,6,,,,
96bb2cf7,1,,,,
96bb2cf7,2,,,,
96bb2cf7,3,,,,
96bb2cf7,4,,,,
96bb2cf7,5,,,,
96bb2cf7,6,,,,
96bb2cf7,7,,,,
6c9a666e,1,,,,
6c9a666e,2,,,,
6c9a666e,3,,,,
6c9a666e,4,,,,
6c9a666e,5,,,,
6b472dc2,1,,,,
6b472dc2,2,,,,
6b472dc2,3,,,,
6b472dc2,4,,,,
19573781,1,,,,
19573781,2,,,,
19573781,3,,,,
04970fee,1,,,,
04970fee,2,,,,
04970fee,3,,,,
eaba4dd9,1,,,,
eaba4dd9,2,,,,
eaba4dd9,3,,,,
eaba4dd9,4,,,,
5241369e,1,,,,
5241369e,2,,,,
5241369e,3,,,,
5241369e,4,,,,
5241369e,5,,,,
204066fa,1,,,,
204066fa,2,,,,
204066fa,3,,,,
8e18bd5f,1,,,,
8e18bd5f,2,,,,
8e18bd5f,3,,,,
8e18bd5f,4,,,,
9bf13231,1,,,,
9bf13231,2,,,,
9bf13231,3,,,,
2ec75ab7,1,,,,
2ec75ab7,2,,,,
2ec75ab7,3,,,,
2ec75ab7,4,,,,
2ec75ab7,5,,,,
6ad7add4,1,,,,
6ad7add4,2,,,,
6a870d80,1,,,,
6a870d80,2,,,,
b5a5e9a5,1,,,,
b5a5e9a5,2,,,,
b5a5e9a5,3,,,,
9406020f,1,,,,
9406020f,2,,,,
9406020f,3,,,,
9406020f,4,,,,
cd0c2ff9,1,,,,
cd0c2ff9,2,,,,
e98b5ae7,1,,,,
e98b5ae7,2,,,,
639c4f0b,1,,,,
639c4f0b,2,,,,
639c4f0b,3,,,,
639c4f0b,4,,,,
639c4f0b,5,,,,
3129ee7e,1,,,,
3129ee7e,2,,,,
3129ee7e,3,,,,
0e97c099,1,,,,
d46ac711,1,,,,
d46ac711,2,,,,
d46ac711,3,,,,
d46ac711,4,,,,
d46ac711,5,,,,
d46ac711,6,,,,
d46ac711,7,,,,
d46ac711,8,,,,
d46ac711,9,,,,
c2125761,1,,,,
c2125761,2,,,,
c2125761,3,,,,
c2125761,4,,,,
c2125761,5,,,,
c2125761,6,,,,
c2125761,7,,,,
07151e91,1,,,,
07151e91,2,,,,
07151e91,3,,,,
07151e91,4,,,,
07151e91,5,,,,
07151e91,6,,,,
156734db,1,,,,
156734db,2,,,,
156734db,3,,,,
648a3742,1,,,,
648a3742,2,,,,
648a3742,3,,,,
648a3742,4,,,,
b25e23fd,1,,,,
b25e23fd,2,,,,
b25e23fd,3,,,,
9a972905,1,,,,
9a972905,2,,,,
9a972905,3,,,,
9a972905,4,,,,
f8254416,1,,,,
f8254416,2,,,,
f8254416,3,,,,
f8254416,4,,,,
95902951,1,,,,
54087329,1,,,,
54087329,2,,,,
54087329,3,,,,
54087329,4,,,,
54087329,5,,,,
54087329,6,,,,
c81ca385,1,,,,
14ece36b,1,,,,
14ece36b,2,,,,
14ece36b,3,,,,
14ece36b,4,,,,
7ec79663,1,,,,
7ec79663,2,,,,
7ec79663,3,,,,
1c002521,1,,,,
5f0834f5,1,,,,
5f0834f5,2,,,,
5f0834f5,3,,,,
3eced659,1,,,,
3eced659,2,,,,
3eced659,3,,,,
ae023398,1,,,,
ae023398,2,,,,
af98761d,1,,,,
af98761d,2,,,,
af98761d,3,,,,
af98761d,4,,,,
af98761d,5,,,,
af98761d,6,,,,
cba41cb7,1,,,,
cba41cb7,2,,,,
cba41cb7,3,,,,
c942490e,1,,,,
c942490e,2,,,,
c942490e,3,,,,
c942490e,4,,,,
c942490e,5,,,,
c942490e,6,,,,
366d5f50,1,,,,
366d5f50,2,,,,
366d5f50,3,,,,
366d5f50,4,,,,
366d5f50,5,,,,
366d5f50,6,,,,
b1915ecd,1,,,,
b1915ecd,2,,,,
b1915ecd,3,,,,
b1915ecd,4,,,,
b1915ecd,5,,,,
cb471080,1,,,,
cb471080,2,,,,
cb471080,3,,,,
2bf16de8,1,,,,
2bf16de8,2,,,,
2bf16de8,3,,,,
efbc853f,1,,,,
efbc853f,2,,,,
efbc853f,3,,,,
efbc853f,4,,,,
efbc853f,5,,,,
efbc853f,6,,,,
efbc853f,7,,,,
efbc853f,8,,,,
b8f4f5f5,1,,,,
b8f4f5f5,2,,,,
b8f4f5f5,3,,,,
1f4e3e05,1,,,,
1f4e3e05,2,,,,
1f4e3e05,3,,,,
4f8a20de,1,,,,
4f8a20de,2,,,,
4f8a20de,3,,,,
4f8a20de,4,,,,
4f8a20de,5,,,,
4f8a20de,6,,,,
3700d537,1,,,,
3700d537,2,,,,
3700d537,3,,,,
3700d537,4,,,,
3700d537,5,,,,
3700d537,6,,,,
abf55188,1,,,,
abf55188,2,,,,
abf55188,3,,,,
c7f1add4,1,,,,
c7f1add4,2,,,,
c7f1add4,3,,,,
c7f1add4,4,,,,
0fb9a3c8,1,,,,
0fb9a3c8,2,,,,
0fb9a3c8,3,,,,
0fb9a3c8,4,,,,
8ad36e8a,1,,,,
8ad36e8a,2,,,,
8ad36e8a,3,,,,
8ad36e8a,4,,,,
8ad36e8a,5,,,,
8ad36e8a,6,,,,
31d68cd1,1,,,,
31d68cd1,2,,,,
31d68cd1,3,,,,
31d68cd1,4,,,,
31d68cd1,5,,,,
31d68cd1,6,,,,
31d68cd1,7,,,,
f54c8493,1,,,,
f54c8493,2,,,,
4071176d,1,,,,
4071176d,2,,,,
4071176d,3,,,,
8f3f18d8,1,,,,
8f3f18d8,2,,,,
ea1d1d8c,1,,,,
ea1d1d8c,2,,,,
ea1d1d8c,3,,,,
ea1d1d8c,4,,,,
ea1d1d8c,5,,,,
ea1d1d8c,6,,,,
a8fd470a,1,,,,
a8fd470a,2,,,,
a8fd470a,3,,,,
a8fd470a,4,,,,
a8fd470a,5,,,,
a8fd470a,6,,,,
a8fd470a,7,,,,
a8fd470a,8,,,,
a8fd470a,9,,,,
a8fd470a,10,,,,
a8fd470a,11,,,,
2e5eeddb,1,,,,
2e5eeddb,2,,,,
2e5eeddb,3,,,,
2e5eeddb,4,,,,
2e5eeddb,5,,,,
2e5eeddb,6,,,,
2e5eeddb,7,,,,
44bdfa06,1,,,,
44bdfa06,2,,,,
44bdfa06,3,,,,
5260b396,1,,,,
5260b396,2,,,,
06353788,1,,,,
06353788,2,,,,
06353788,3,,,,
4f0fbb3f,1,,,,
4f0fbb3f,2,,,,
4f0fbb3f,3,,,,
4f0fbb3f,4,,,,
4f0fbb3f,5,,,,
9b7d3001,1,,,,
9b7d3001,2,,,,
9b7d3001,3,,,,
ba627c40,1,,,,
ba627c40,2,,,,
ba627c40,3,,,,
8cc092f5,1,,,,
8cc092f5,2,,,,
8cc092f5,3,,,,
8cc092f5,4,,,,
8cc092f5,5,,,,
8cc092f5,6,,,,
736386f4,1,,,,
736386f4,2,,,,
736386f4,3,,,,
9b275fcc,1,,,,
9b275fcc,2,,,,
9b275fcc,3,,,,
9b275fcc,4,,,,
9b275fcc,5,,,,
9b275fcc,6,,,,
9b275fcc,7,,,,
de53cff7,1,,,,
de53cff7,2,,,,
0e1cabed,1,,,,
0e1cabed,2,,,,
0e1cabed,3,,,,
0e1cabed,4,,,,
0e1cabed,5,,,,
a609fdb1,1,,,,
a609fdb1,2,,,,
a609fdb1,3,,,,
a609fdb1,4,,,,
bd9e85b5,1,,,,
efca4bf9,1,,,,
efca4bf9,2,,,,
1105b55d,1,,,,
1105b55d,2,,,,
1105b55d,3,,,,
1105b55d,4,,,,
37951bc4,1,,,,
34532c45,1,,,,
34532c45,2,,,,
34532c45,3,,,,
4f6bcdb7,1,,,,
4f6bcdb7,2,,,,
4f6bcdb7,3,,,,
c1d09460,1,,,,
c6529d9c,1,,,,
c6529d9c,2,,,,
c6529d9c,3,,,,
c6529d9c,4,,,,
c6529d9c,5,,,,
c6529d9c,6,,,,
c6529d9c,7,,,,
c6529d9c,8,,,,
c6529d9c,9,,,,
c6529d9c,10,,,,
c6529d9c,11,,,,
c6529d9c,12,,,,
c6529d9c,13,,,,
9ec8706c,1,,,,
9ec8706c,2,,,,
9ec8706c,3,,,,
9ec8706c,4,,,,
9ec8706c,5,,,,
9ec8706c,6,,,,
9ec8706c,7,,,,
9ec8706c,8,,,,
ea0efaca,1,,,,
ea0efaca,2,,,,
ea0efaca,3,,,,
ea0efaca,4,,,,
ea0efaca,5,,,,
ea0efaca,6,,,,
ea0efaca,7,,,,
ea0efaca,8,,,,
ea0efaca,9,,,,
ea0efaca,10,,,,
ea0efaca,11,,,,
85d93eb1,1,,,,
85d93eb1,2,,,,
85d93eb1,3,,,,
85d93eb1,4,,,,
85d93eb1,5,,,,
f96de7cc,1,,,,
f96de7cc,2,,,,
f96de7cc,3,,,,
f96de7cc,4,,,,
f96de7cc,5,,,,
f96de7cc,6,,,,
f96de7cc,7,,,,
5c0d870b,1,,,,
5c0d870b,2,,,,
5c0d870b,3,,,,
5c0d870b,4,,,,
5c0d870b,5,,,,
5c0d870b,6,,,,
5c0d870b,7,,,,
5c0d870b,8,,,,
5c0d870b,9,,,,
7130d7c3,1,,,,
7130d7c3,2,,,,
7130d7c3,3,,,,
7130d7c3,4,,,,
7130d7c3,5,,,,
7130d7c3,6,,,,
7130d7c3,7,,,,
7130d7c3,8,,,,
7130d7c3,9,,,,
7130d7c3,10,,,,
7130d7c3,11,,,,
7130d7c3,12,,,,
3515caae,1,,,,
3515caae,2,,,,
d005e7b8,1,,,,
d005e7b8,2,,,,
d005e7b8,3,,,,
d005e7b8,4,,,,
d005e7b8,5,,,,
d005e7b8,6,,,,
3df9c95f,1,,,,
3df9c95f,2,,,,
3df9c95f,3,,,,
3df9c95f,4,,,,
8606220a,1,,,,
8606220a,2,,,,
8606220a,3,,,,
8606220a,4,,,,
8606220a,5,,,,
8606220a,6,,,,
fe84cc3c,1,,,,
4382d650,1,,,,
4382d650,2,,,,
4382d650,3,,,,
f93c57fc,1,,,,
f93c57fc,2,,,,
f93c57fc,3,,,,
f93c57fc,4,,,,
f93c57fc,5,,,,
f93c57fc,6,,,,
f93c57fc,7,,,,
294807f4,1,,,,
294807f4,2,,,,
294807f4,3,,,,
294807f4,4,,,,
294807f4,5,,,,
34c0dfe4,1,,,,
34c0dfe4,2,,,,
34c0dfe4,3,,,,
34c0dfe4,4,,,,
34c0dfe4,5,,,,
34c0dfe4,6,,,,
34c0dfe4,7,,,,
3ebbc1f4,1,,,,
3ebbc1f4,2,,,,
3ebbc1f4,3,,,,
3ebbc1f4,4,,,,
3ebbc1f4,5,,,,
d20fb493,1,,,,
d20fb493,2,,,,
d20fb493,3,,,,
f8445741,1,,,,
f8445741,2,,,,
f8445741,3,,,,
f8445741,4,,,,
d9e3829f,1,,,,
d9e3829f,2,,,,
d9e3829f,3,,,,
d9e3829f,4,,,,
d9e3829f,5,,,,
d9e3829f,6,,,,
d08aa492,1,,,,
d08aa492,2,,,,
d08aa492,3,,,,
d08aa492,4,,,,
f1e92541,1,,,,
f1e92541,2,,,,
ee04714f,1,,,,
ee04714f,2,,,,
ee04714f,3,,,,
ae0d35bc,1,,,,
ae0d35bc,2,,,,
ae0d35bc,3,,,,
ae0d35bc,4,,,,
111062fc,1,,,,
111062fc,2,,,,
111062fc,3,,,,
111062fc,4,,,,
111062fc,5,,,,
111062fc,6,,,,
111062fc,7,,,,
111062fc,8,,,,
307e1f03,1,,,,
307e1f03,2,,,,
307e1f03,3,,,,
61f33761,1,,,,
61f33761,2,,,,
32fa52a6,1,,,,
32fa52a6,2,,,,
32fa52a6,3,,,,
32fa52a6,4,,,,
ed9fa926,1,,,,
ed9fa926,2,,,,
ed9fa926,3,,,,
5647f11c,1,,,,
5647f11c,2,,,,
5647f11c,3,,,,
5647f11c,4,,,,
60964e9f,1,,,,
32c85438,1,,,,
32c85438,2,,,,
32c85438,3,,,,
32c85438,4,,,,
32c85438,5,,,,
32c85438,6,,,,
0c946064,1,,,,
0c946064,2,,,,
0c946064,3,,,,
0c946064,4,,,,
0c946064,5,,,,
9d337b72,1,,,,
9d337b72,2,,,,
9d337b72,3,,,,
5b842c0e,1,,,,
5b842c0e,2,,,,
5b842c0e,3,,,,
5b842c0e,4,,,,
5b842c0e,5,,,,
5b842c0e,6,,,,
5b842c0e,7,,,,
5b842c0e,8,,,,
066d1e3b,1,,,,
066d1e3b,2,,,,
066d1e3b,3,,,,
066d1e3b,4,,,,
066d1e3b,5,,,,
f9aceec0,1,,,,
f9aceec0,2,,,,
f9aceec0,3,,,,
f9aceec0,4,,,,
f9aceec0,5,,,,
f9aceec0,6,,,,
f9aceec0,7,,,,
f9aceec0,8,,,,
f9aceec0,9,,,,
f9aceec0,10,,,,
f9aceec0,11,,,,
1add3dd0,1,,,,
1add3dd0,2,,,,
1add3dd0,3,,,,
1add3dd0,4,,,,
1add3dd0,5,,,,
1add3dd0,6,,,,
1add3dd0,7,,,,
1add3dd0,8,,,,
b91162e7,1,,,,
b91162e7,2,,,,
b91162e7,3,,,,
b91162e7,4,,,,
59d8bfc1,1,,,,
59d8bfc1,2,,,,
59d8bfc1,3,,,,
a165bc09,1,,,,
a165bc09,2,,,,
a165bc09,3,,,,
a165bc09,4,,,,
eec4bd4a,1,,,,
eec4bd4a,2,,,,
eec4bd4a,3,,,,
eec4bd4a,4,,,,
eec4bd4a,5,,,,
96591a8f,1,,,,
96591a8f,2,,,,
96591a8f,3,,,,
96591a8f,4,,,,
96591a8f,5,,,,
96591a8f,6,,,,
2e67118d,1,,,,
2e67118d,2,,,,
2e67118d,3,,,,
2e67118d,4,,,,
2e67118d,5,,,,
2e67118d,6,,,,
81338028,1,,,,
81338028,2,,,,
81338028,3,,,,
81338028,4,,,,
81338028,5,,,,
1dd28bf9,1,,,,
1dd28bf9,2,,,,
1dd28bf9,3,,,,
1dd28bf9,4,,,,
1dd28bf9,5,,,,
1dd28bf9,6,,,,
9aa8821a,1,,,,
9aa8821a,2,,,,
9aa8821a,3,,,,
9aa8821a,4,,,,
9aa8821a,5,,,,
05979a42,1,,,,
05979a42,2,,,,
05979a42,3,,,,
05979a42,4,,,,
05979a42,5,,,,
05979a42,6,,,,
05979a42,7,,,,
05979a42,8,,,,
95b2c7b0,1,,,,
95b2c7b0,2,,,,
95b2c7b0,3,,,,
95b2c7b0,4,,,,
95b2c7b0,5,,,,
4c544aa2,1,,,,
4c544aa2,2,,,,
4c544aa2,3,,,,
4c544aa2,4,,,,
1ede9094,1,,,,
1ede9094,2,,,,
1ede9094,3,,,,
d9c48db1,1,,,,
d9c48db1,2,,,,
d9c48db1,3,,,,
d9c48db1,4,,,,
d9c48db1,5,,,,
d9c48db1,6,,,,
0f7eb0f2,1,,,,
e2d201c9,1,,,,
e2d201c9,2,,,,
e2d201c9,3,,,,
e2d201c9,4,,,,
a2a10bc7,1,,,,
14481dfb,1,,,,
14481dfb,2,,,,
14481dfb,3,,,,
da54208c,1,,,,
da54208c,2,,,,
da54208c,3,,,,
da54208c,4,,,,
da54208c,5,,,,
da54208c,6,,,,
da54208c,7,,,,
18f3c21f,1,,,,
18f3c21f,2,,,,
bce6757d,1,,,,
bce6757d,2,,,,
bce6757d,3,,,,
bce6757d,4,,,,
bce6757d,5,,,,
f938f2fe,1,,,,
aee424c0,1,,,,
aee424c0,2,,,,
aee424c0,3,,,,
7786832f,1,,,,
7786832f,2,,,,
7786832f,3,,,,
7786832f,4,,,,
7786832f,5,,,,
7786832f,6,,,,
7786832f,7,,,,
7786832f,8,,,,
7786832f,9,,,,
7786832f,10,,,,
92f98042,1,,,,
92f98042,2,,,,
92f98042,3,,,,
92f98042,4,,,,
92f98042,5,,,,
92f98042,6,,,,
92f98042,7,,,,
8ad6939a,1,,,,
8ad6939a,2,,,,
8ad6939a,3,,,,
0037a89f,1,,,,
0037a89f,2,,,,
0037a89f,3,,,,
0037a89f,4,,,,
0037a89f,5,,,,
0037a89f,6,,,,
0037a89f,7,,,,
0037a89f,8,,,,
0037a89f,9,,,,
0037a89f,10,,,,
0037a89f,11,,,,
aa7fc00e,1,,,,
aa7fc00e,2,,,,
aa7fc00e,3,,,,
aa7fc00e,4,,,,
aa7fc00e,5,,,,
aa7fc00e,6,,,,
959a6b9d,1,,,,
959a6b9d,2,,,,
959a6b9d,3,,,,
959a6b9d,4,,,,
62bdbd5e,1,,,,
62bdbd5e,2,,,,
62bdbd5e,3,,,,
d1896bf9,1,,,,
d1896bf9,2,,,,
d1896bf9,3,,,,
d1896bf9,4,,,,
bc6c2d51,1,,,,
bc6c2d51,2,,,,
bc6c2d51,3,,,,
bc6c2d51,4,,,,
bc6c2d51,5,,,,
08b5986d,1,,,,
08b5986d,2,,,,
08b5986d,3,,,,
08b5986d,4,,,,
08b5986d,5,,,,
1c38e176,1,,,,
1c38e176,2,,,,
1c38e176,3,,,,
9b94b1c0,1,,,,
9b94b1c0,2,,,,
9b94b1c0,3,,,,
9b94b1c0,4,,,,
5c2f5101,1,,,,
5c2f5101,2,,,,
5c2f5101,3,,,,
5c2f5101,4,,,,
5c2f5101,5,,,,
5c2f5101,6,,,,
5c2f5101,7,,,,
5c2f5101,8,,,,
5c2f5101,9,,,,
40e50dd4,1,,,,
40e50dd4,2,,,,
40e50dd4,3,,,,
40e50dd4,4,,,,
40e50dd4,5,,,,
40e50dd4,6,,,,
40e50dd4,7,,,,
40e50dd4,8,,,,
9811b260,1,,,,
9811b260,2,,,,
9811b260,3,,,,
9811b260,4,,,,
b01220ea,1,,,,
b01220ea,2,,,,
b01220ea,3,,,,
b01220ea,4,,,,
b01220ea,5,,,,
b01220ea,6,,,,
b01220ea,7,,,,
54dc69e8,1,,,,
54dc69e8,2,,,,
54dc69e8,3,,,,
54dc69e8,4,,,,
54dc69e8,5,,,,
c8c0ee06,1,,,,
c8c0ee06,2,,,,
adc2d335,1,,,,
adc2d335,2,,,,
adc2d335,3,,,,
adc2d335,4,,,,
adc2d335,5,,,,
adc2d335,6,,,,
331c9d36,1,,,,
331c9d36,2,,,,
331c9d36,3,,,,
331c9d36,4,,,,
331c9d36,5,,,,
331c9d36,6,,,,
331c9d36,7,,,,
331c9d36,8,,,,
331c9d36,9,,,,
331c9d36,10,,,,
331c9d36,11,,,,
331c9d36,12,,,,
f6b001ed,1,,,,
f6b001ed,2,,,,
f6b001ed,3,,,,
f6b001ed,4,,,,
17270f9c,1,,,,
17270f9c,2,,,,
17270f9c,3,,,,
1c01212e,1,,,,
1c01212e,2,,,,
1c01212e,3,,,,
1c01212e,4,,,,
1c01212e,5,,,,
1c01212e,6,,,,
1c01212e,7,,,,
1fe0ba0d,1,,,,
1fe0ba0d,2,,,,
1fe0ba0d,3,,,,
1fe0ba0d,4,,,,
bc6f6e7c,1,,,,
bc6f6e7c,2,,,,
2a02810c,1,,,,
2a02810c,2,,,,
2a02810c,3,,,,
2a02810c,4,,,,
2a02810c,5,,,,
2a02810c,6,,,,
72675596,1,,,,
23c7988c,1,,,,
69d4ef86,1,,,,
69d4ef86,2,,,,
69d4ef86,3,,,,
a9e47067,1,,,,
a9e47067,2,,,,
f3a2aa78,1,,,,
f3a2aa78,2,,,,
f3a2aa78,3,,,,
f3a2aa78,4,,,,
f3a2aa78,5,,,,
f3a2aa78,6,,,,
f3a2aa78,7,,,,
f3a2aa78,8,,,,
c0af329b,1,,,,
c0af329b,2,,,,
c0af329b,3,,,,
c0af329b,4,,,,
c0af329b,5,,,,
df8081fa,1,,,,
df8081fa,2,,,,
df8081fa,3,,,,
df8081fa,4,,,,
df8081fa,5,,,,
df8081fa,6,,,,
df8081fa,7,,,,
df8081fa,8,,,,
df8081fa,9,,,,
b1834e81,1,,,,
b1834e81,2,,,,
b1834e81,3,,,,
b1834e81,4,,,,
0418a174,1,,,,
0418a174,2,,,,
0418a174,3,,,,
aec0c82d,1,,,,
aec0c82d,2,,,,
aec0c82d,3,,,,
aec0c82d,4,,,,
aec0c82d,5,,,,
aec0c82d,6,,,,
aec0c82d,7,,,,
aec0c82d,8,,,,
a0ec1618,1,,,,
a0ec1618,2,,,,
a0ec1618,3,,,,
6e0bfdd2,1,,,,
6e0bfdd2,2,,,,
6e0bfdd2,3,,,,
6e0bfdd2,4,,,,
6e0bfdd2,5,,,,
6e0bfdd2,6,,,,
6e0bfdd2,7,,,,
6e0bfdd2,8,,,,
1d80c9bb,1,,,,
1d80c9bb,2,,,,
1d80c9bb,3,,,,
1d80c9bb,4,,,,
1d80c9bb,5,,,,
1d80c9bb,6,,,,
1d80c9bb,7,,,,
1d80c9bb,8,,,,
1d80c9bb,9,,,,
3af6c54b,1,,,,
3af6c54b,2,,,,
3af6c54b,3,,,,
fb5a9eb7,1,,,,
fb5a9eb7,2,,,,
fb5a9eb7,3,,,,
fb5a9eb7,4,,,,
fb5a9eb7,5,,,,
fb5a9eb7,6,,,,
74c225d1,1,,,,
74c225d1,2,,,,
ca6f4eaf,1,,,,
ca6f4eaf,2,,,,
ca6f4eaf,3,,,,
ca6f4eaf,4,,,,
ca6f4eaf,5,,,,
ca6f4eaf,6,,,,
6dc539dd,1,,,,
6dc539dd,2,,,,
842165cc,1,,,,
842165cc,2,,,,
842165cc,3,,,,
842165cc,4,,,,
842165cc,5,,,,
842165cc,6,,,,
842165cc,7,,,,
842165cc,8,,,,
842165cc,9,,,,
842165cc,10,,,,
b0d2e04c,1,,,,
b0d2e04c,2,,,,
8b5b655e,1,,,,
8b5b655e,2,,,,
8b5b655e,3,,,,
8b5b655e,4,,,,
8b5b655e,5,,,,
35330d19,1,,,,
35330d19,2,,,,
35330d19,3,,,,
35330d19,4,,,,
35330d19,5,,,,
55511995,1,,,,
55511995,2,,,,
55511995,3,,,,
55511995,4,,,,
55511995,5,,,,
55511995,6,,,,
49c381dc,1,,,,
49c381dc,2,,,,
49c381dc,3,,,,
95a9b042,1,,,,
95a9b042,2,,,,
95a9b042,3,,,,
95a9b042,4,,,,
95a9b042,5,,,,
86703028,1,,,,
86703028,2,,,,
86703028,3,,,,
8cca70d0,1,,,,
8cca70d0,2,,,,
67c4159c,1,,,,
67c4159c,2,,,,
67c4159c,3,,,,
67c4159c,4,,,,
67c4159c,5,,,,
67c4159c,6,,,,
67c4159c,7,,,,
67c4159c,8,,,,
67c4159c,9,,,,
97c2b9be,1,,,,
97c2b9be,2,,,,
2c9d12fc,1,,,,
2c9d12fc,2,,,,
2c9d12fc,3,,,,
2c9d12fc,4,,,,
fe088de0,1,,,,
fe088de0,2,,,,
fe088de0,3,,,,
fe088de0,4,,,,
fe088de0,5,,,,
fe088de0,6,,,,
fe088de0,7,,,,
fe088de0,8,,,,
fe088de0,9,,,,
fe088de0,10,,,,
fe088de0,11,,,,
7164f69d,1,,,,
7164f69d,2,,,,
7164f69d,3,,,,
7164f69d,4,,,,
7164f69d,5,,,,
779e7dcb,1,,,,
779e7dcb,2,,,,
779e7dcb,3,,,,
779e7dcb,4,,,,
779e7dcb,5,,,,
779e7dcb,6,,,,
779e7dcb,7,,,,
779e7dcb,8,,,,
779e7dcb,9,,,,
779e7dcb,10,,,,
779e7dcb,11,,,,
c1e91978,1,,,,
c1e91978,2,,,,
c1e91978,3,,,,
30a4fef5,1,,,,
30a4fef5,2,,,,
30a4fef5,3,,,,
c8259a23,1,,,,
c8259a23,2,,,,
c8259a23,3,,,,
c8259a23,4,,,,
c8259a23,5,,,,
c8259a23,6,,,,
c8259a23,7,,,,
c8259a23,8,,,,
c8259a23,9,,,,
c8259a23,10,,,,
c8259a23,11,,,,
c8259a23,12,,,,
c8259a23,13,,,,
c8259a23,14,,,,
c8259a23,15,,,,
c8259a23,16,,,,
c8259a23,17,,,,
c8259a23,18,,,,
c8259a23,19,,,,
96fd610e,1,,,,
96fd610e,2,,,,
96fd610e,3,,,,
96fd610e,4,,,,
96fd610e,5,,,,
a17a6cf3,1,,,,
a17a6cf3,2,,,,
a062f1ee,1,,,,
a062f1ee,2,,,,
a062f1ee,3,,,,
a062f1ee,4,,,,
a062f1ee,5,,,,
dd1dd313,1,,,,
dd1dd313,2,,,,
dd1dd313,3,,,,
dd1dd313,4,,,,
dd1dd313,5,,,,
dd1dd313,6,,,,
557b2f45,1,,,,
557b2f45,2,,,,
557b2f45,3,,,,
557b2f45,4,,,,
0723bdc2,1,,,,
0723bdc2,2,,,,
0723bdc2,3,,,,
0723bdc2,4,,,,
0723bdc2,5,,,,
bbce33e0,1,,,,
bbce33e0,2,,,,
bbce33e0,3,,,,
bbce33e0,4,,,,
23919b4e,1,,,,
ef221c67,1,,,,
ef221c67,2,,,,
ef221c67,3,,,,
ef221c67,4,,,,
ef221c67,5,,,,
ef221c67,6,,,,
ef221c67,7,,,,
45e3cde7,1,,,,
45e3cde7,2,,,,
45e3cde7,3,,,,
45e3cde7,4,,,,
45e3cde7,5,,,,
45e3cde7,6,,,,
45e3cde7,7,,,,
45e3cde7,8,,,,
039a239f,1,,,,
039a239f,2,,,,
039a239f,3,,,,
039a239f,4,,,,
039a239f,5,,,,
039a239f,6,,,,
e2742f70,1,,,,
e2742f70,2,,,,
e2742f70,3,,,,
e2742f70,4,,,,
e2742f70,5,,,,
e2742f70,6,,,,
e2742f70,7,,,,
122b5621,1,,,,
122b5621,2,,,,
122b5621,3,,,,
122b5621,4,,,,
122b5621,5,,,,
122b5621,6,,,,
122b5621,7,,,,
122b5621,8,,,,
f70b9b33,1,,,,
f70b9b33,2,,,,
f70b9b33,3,,,,
f70b9b33,4,,,,
f70b9b33,5,,,,
f70b9b33,6,,,,
f70b9b33,7,,,,
f70b9b33,8,,,,
1ca633a8,1,,,,
1ca633a8,2,,,,
1ca633a8,3,,,,
1ca633a8,4,,,,
f3666121,1,,,,
f3666121,2,,,,
f3666121,3,,,,
f3666121,4,,,,
f3666121,5,,,,
f3666121,6,,,,
f3666121,7,,,,
f3666121,8,,,,
f3666121,9,,,,
f3666121,10,,,,
f3666121,11,,,,
f3666121,12,,,,
8f004bf0,1,,,,
8f004bf0,2,,,,
8f004bf0,3,,,,
8f004bf0,4,,,,
8f004bf0,5,,,,
98ba98ae,1,,,,
98ba98ae,2,,,,
98ba98ae,3,,,,
98ba98ae,4,,,,
98ba98ae,5,,,,
98ba98ae,6,,,,
98ba98ae,7,,,,
98ba98ae,8,,,,
98ba98ae,9,,,,
98ba98ae,10,,,,
85591581,1,,,,
85591581,2,,,,
85591581,3,,,,
85591581,4,,,,
0813d39e,1,,,,
0813d39e,2,,,,
1f3a4b1d,1,,,,
1f3a4b1d,2,,,,
1f3a4b1d,3,,,,
1f3a4b1d,4,,,,
1f3a4b1d,5,,,,
1f3a8ff9,1,,,,
1f3a8ff9,2,,,,
d78ca1ba,1,,,,
d78ca1ba,2,,,,
d78ca1ba,3,,,,
d78ca1ba,4,,,,
0e5adf31,1,,,,
0e5adf31,2,,,,
0e5adf31,3,,,,
0e5adf31,4,,,,
0e5adf31,5,,,,
0e5adf31,6,,,,
8a0c4b07,1,,,,
8a0c4b07,2,,,,
8a0c4b07,3,,,,
8a0c4b07,4,,,,
8a0c4b07,5,,,,
8a0c4b07,6,,,,
8d4632d9,1,,,,
8d4632d9,2,,,,
8d4632d9,3,,,,
8d4632d9,4,,,,
8d4632d9,5,,,,
8d4632d9,6,,,,
8d4632d9,7,,,,
8d4632d9,8,,,,
71bce5b7,1,,,,
71bce5b7,2,,,,
71bce5b7,3,,,,
71bce5b7,4,,,,
71bce5b7,5,,,,
71bce5b7,6,,,,
71bce5b7,7,,,,
71bce5b7,8,,,,
50fd7a98,1,,,,
50fd7a98,2,,,,
50fd7a98,3,,,,
50fd7a98,4,,,,
50fd7a98,5,,,,
50fd7a98,6,,,,
5e264777,1,,,,
5e264777,2,,,,
5e264777,3,,,,
db4de1bb,1,,,,
db4de1bb,2,,,,
db4de1bb,3,,,,
db4de1bb,4,,,,
db4de1bb,5,,,,
db4de1bb,6,,,,
db4de1bb,7,,,,
95e779e0,1,,,,
95e779e0,2,,,,
95e779e0,3,,,,
a10711cc,1,,,,
a10711cc,2,,,,
a10711cc,3,,,,
a10711cc,4,,,,
a10711cc,5,,,,
69eec822,1,,,,
69eec822,2,,,,
69eec822,3,,,,
acde7f0c,1,,,,
acde7f0c,2,,,,
acde7f0c,3,,,,
acde7f0c,4,,,,
acde7f0c,5,,,,
acde7f0c,6,,,,
acde7f0c,7,,,,
acde7f0c,8,,,,
acde7f0c,9,,,,
90e4bcc1,1,,,,
90e4bcc1,2,,,,
90e4bcc1,3,,,,
90e4bcc1,4,,,,
90e4bcc1,5,,,,
90e4bcc1,6,,,,
90e4bcc1,7,,,,
90e4bcc1,8,,,,
90e4bcc1,9,,,,
90e4bcc1,10,,,,
90e4bcc1,11,,,,
90e4bcc1,12,,,,
fc4de1ff,1,,,,
fc4de1ff,2,,,,
fc4de1ff,3,,,,
7b05dccc,1,,,,
7b05dccc,2,,,,
7b05dccc,3,,,,
7b05dccc,4,,,,
7b05dccc,5,,,,
7b05dccc,6,,,,
e8901d1c,1,,,,
e8901d1c,2,,,,
e8901d1c,3,,,,
e8901d1c,4,,,,
e8901d1c,5,,,,
e8901d1c,6,,,,
04a402d6,1,,,,
04a402d6,2,,,,
04a402d6,3,,,,
04a402d6,4,,,,
8c2983b5,1,,,,
8c2983b5,2,,,,
8c2983b5,3,,,,
8c2983b5,4,,,,
8c2983b5,5,,,,
93871dad,1,,,,
93871dad,2,,,,
93871dad,3,,,,
93871dad,4,,,,
4cd09b3b,1,,,,
4cd09b3b,2,,,,
4cd09b3b,3,,,,
4cd09b3b,4,,,,
a6a225e5,1,,,,
a6a225e5,2,,,,
a6a225e5,3,,,,
a6a225e5,4,,,,
a6a225e5,5,,,,
a6a225e5,6,,,,
a6a225e5,7,,,,
a6a225e5,8,,,,
a6a225e5,9,,,,
a6a225e5,10,,,,
3fbd7b3d,1,,,,
3fbd7b3d,2,,,,
3fbd7b3d,3,,,,
3fbd7b3d,4,,,,
6b220699,1,,,,
6b220699,2,,,,
6b220699,3,,,,
6b220699,4,,,,
3b848976,1,,,,
3b848976,2,,,,
3b848976,3,,,,
4ffe03a9,1,,,,
4ffe03a9,2,,,,
4ffe03a9,3,,,,
07bc680a,1,,,,
07bc680a,2,,,,
07bc680a,3,,,,
07bc680a,4,,,,
07bc680a,5,,,,
07bc680a,6,,,,
07bc680a,7,,,,
07bc680a,8,,,,
c11aca1a,1,,,,
c11aca1a,2,,,,
c11aca1a,3,,,,
c11aca1a,4,,,,
c11aca1a,5,,,,
c11aca1a,6,,,,
c11aca1a,7,,,,
c11aca1a,8,,,,
6eab0c38,1,,,,
6eab0c38,2,,,,
6eab0c38,3,,,,
6eab0c38,4,,,,
6eab0c38,5,,,,
6eab0c38,6,,,,
6eab0c38,7,,,,
30aa78ef,1,,,,
30aa78ef,2,,,,
30aa78ef,3,,,,
30aa78ef,4,,,,
92482cc9,1,,,,
92482cc9,2,,,,
92482cc9,3,,,,
92482cc9,4,,,,
779d74f5,1,,,,
779d74f5,2,,,,
779d74f5,3,,,,
779d74f5,4,,,,
898a7138,1,,,,
898a7138,2,,,,
898a7138,3,,,,
898a7138,4,,,,
898a7138,5,,,,
898a7138,6,,,,
898a7138,7,,,,
898a7138,8,,,,
6f5e0d32,1,,,,
6f5e0d32,2,,,,
6f5e0d32,3,,,,
6f5e0d32,4,,,,
6f5e0d32,5,,,,
6f5e0d32,6,,,,
304f5471,1,,,,
304f5471,2,,,,
304f5471,3,,,,
304f5471,4,,,,
304f5471,5,,,,
304f5471,6,,,,
304f5471,7,,,,
06ddb074,1,,,,
06ddb074,2,,,,
06ddb074,3,,,,
41f9efa2,1,,,,
41f9efa2,2,,,,
41f9efa2,3,,,,
41f9efa2,4,,,,
41f9efa2,5,,,,
41f9efa2,6,,,,
dd1bf2af,1,,,,
dd1bf2af,2,,,,
dd1bf2af,3,,,,
dd1bf2af,4,,,,
dd1bf2af,5,,,,
bb317675,1,,,,
bb317675,2,,,,
bb317675,3,,,,
bb317675,4,,,,
c5b7e63b,1,,,,
c5b7e63b,2,,,,
c5b7e63b,3,,,,
c5b7e63b,4,,,,
c5b7e63b,5,,,,
c5b7e63b,6,,,,
434b5b25,1,,,,
434b5b25,2,,,,
50d411f4,1,,,,
50d411f4,2,,,,
50d411f4,3,,,,
50d411f4,4,,,,
50d411f4,5,,,,
50d411f4,6,,,,
50d411f4,7,,,,
50d411f4,8,,,,
50d411f4,9,,,,
50d411f4,10,,,,
50d411f4,11,,,,
50d411f4,12,,,,
50d411f4,13,,,,
50d411f4,14,,,,
9982c0eb,1,,,,
9982c0eb,2,,,,
9982c0eb,3,,,,
9982c0eb,4,,,,
883fb3cd,1,,,,
883fb3cd,2,,,,
883fb3cd,3,,,,
71833308,1,,,,
71833308,2,,,,
71833308,3,,,,
6efe5f67,1,,,,
6efe5f67,2,,,,
6efe5f67,3,,,,
6efe5f67,4,,,,
6efe5f67,5,,,,
6efe5f67,6,,,,
6efe5f67,7,,,,
6efe5f67,8,,,,
6efe5f67,9,,,,
6efe5f67,10,,,,
6efe5f67,11,,,,
6efe5f67,12,,,,
be22f5f1,1,,,,
be22f5f1,2,,,,
be22f5f1,3,,,,
be22f5f1,4,,,,
be22f5f1,5,,,,
be22f5f1,6,,,,
be22f5f1,7,,,,
be22f5f1,8,,,,
be22f5f1,9,,,,
9aedb834,1,,,,
9aedb834,2,,,,
9aedb834,3,,,,
9aedb834,4,,,,
9aedb834,5,,,,
9aedb834,6,,,,
9aedb834,7,,,,
9aedb834,8,,,,
9aedb834,9,,,,
9aedb834,10,,,,
9aedb834,11,,,,
c9fc823c,1,,,,
c9fc823c,2,,,,
c9fc823c,3,,,,
c9fc823c,4,,,,
c9fc823c,5,,,,
8f7f1830,1,,,,
8f7f1830,2,,,,
8f7f1830,3,,,,
8f7f1830,4,,,,
8f7f1830,5,,,,
8f7f1830,6,,,,
0a70d67f,1,,,,
0a70d67f,2,,,,
0a70d67f,3,,,,
0a70d67f,4,,,,
0a70d67f,5,,,,
0a70d67f,6,,,,
0a70d67f,7,,,,
0a70d67f,8,,,,
0a70d67f,9,,,,
aeaa6a09,1,,,,
aeaa6a09,2,,,,
aeaa6a09,3,,,,
826c31e0,1,,,,
826c31e0,2,,,,
826c31e0,3,,,,
826c31e0,4,,,,
826c31e0,5,,,,
826c31e0,6,,,,
826c31e0,7,,,,
826c31e0,8,,,,
826c31e0,9,,,,
826c31e0,10,,,,
826c31e0,11,,,,
826c31e0,12,,,,
826c31e0,13,,,,
826c31e0,14,,,,
06a28ac7,1,,,,
06a28ac7,2,,,,
06a28ac7,3,,,,
58f2eac0,1,,,,
58f2eac0,2,,,,
58f2eac0,3,,,,
58f2eac0,4,,,,
58f2eac0,5,,,,
278f2108,1,,,,
0a2c7044,1,,,,
0a2c7044,2,,,,
0a2c7044,3,,,,
0a2c7044,4,,,,
0a2c7044,5,,,,
0a2c7044,6,,,,
0a2c7044,7,,,,
0a2c7044,8,,,,
0a2c7044,9,,,,
0a2c7044,10,,,,
0a2c7044,11,,,,
0a2c7044,12,,,,
0a2c7044,13,,,,
0a2c7044,14,,,,
0a2c7044,15,,,,
8c76cc79,1,,,,
8c76cc79,2,,,,
fd2b533e,1,,,,
fd2b533e,2,,,,
fd2b533e,3,,,,
fd2b533e,4,,,,
fd2b533e,5,,,,
fd2b533e,6,,,,
fd2b533e,7,,,,
fd2b533e,8,,,,
fd2b533e,9,,,,
48323cde,1,,,,
48323cde,2,,,,
48323cde,3,,,,
48323cde,4,,,,
48323cde,5,,,,
48323cde,6,,,,
3335df97,1,,,,
3335df97,2,,,,
3335df97,3,,,,
3335df97,4,,,,
3335df97,5,,,,
3335df97,6,,,,
3335df97,7,,,,
3335df97,8,,,,
3335df97,9,,,,
3335df97,10,,,,
3335df97,11,,,,
16906a6c,1,,,,
16906a6c,2,,,,
8a65b956,1,,,,
1ee9600e,1,,,,
1ee9600e,2,,,,
1ee9600e,3,,,,
1ee9600e,4,,,,
3efc97ad,1,,,,
3efc97ad,2,,,,
3efc97ad,3,,,,
94466c21,1,,,,
94466c21,2,,,,
94466c21,3,,,,
94466c21,4,,,,
f8aaa0ef,1,,,,
f8aaa0ef,2,,,,
f8aaa0ef,3,,,,
f8aaa0ef,4,,,,
ed3ae6cf,1,,,,
ed3ae6cf,2,,,,
ed3ae6cf,3,,,,
c9da1540,1,,,,
c9da1540,2,,,,
c9da1540,3,,,,
c9da1540,4,,,,
c9da1540,5,,,,
c9da1540,6,,,,
8e81c2c6,1,,,,
8e81c2c6,2,,,,
8e81c2c6,3,,,,
6d754a0a,1,,,,
6d754a0a,2,,,,
6dd5a34b,1,,,,
6dd5a34b,2,,,,
6dd5a34b,3,,,,
6dd5a34b,4,,,,
e1e595b9,1,,,,
e1e595b9,2,,,,
e1e595b9,3,,,,
e1e595b9,4,,,,
e1e595b9,5,,,,
e1e595b9,6,,,,
e1e595b9,7,,,,
e1e595b9,8,,,,
3dabf132,1,,,,
3dabf132,2,,,,
3dabf132,3,,,,
3dabf132,4,,,,
3dabf132,5,,,,
3dabf132,6,,,,
3dabf132,7,,,,
3dabf132,8,,,,
ccd19ba8,1,,,,
ccd19ba8,2,,,,
ccd19ba8,3,,,,
ccd19ba8,4,,,,
479f1d73,1,,,,
479f1d73,2,,,,
e0a9caf4,1,,,,
e0a9caf4,2,,,,
e0a9caf4,3,,,,
e0a9caf4,4,,,,
e0a9caf4,5,,,,
e0a9caf4,6,,,,
e0a9caf4,7,,,,
e0a9caf4,8,,,,
3f49ccc1,1,,,,
3f49ccc1,2,,,,
3f49ccc1,3,,,,
3f49ccc1,4,,,,
3f49ccc1,5,,,,
3f49ccc1,6,,,,
3f49ccc1,7,,,,
3f49ccc1,8,,,,
3f49ccc1,9,,,,
9a9ae8df,1,,,,
9a9ae8df,2,,,,
9a9ae8df,3,,,,
9a9ae8df,4,,,,
e7f6d089,1,,,,
e7f6d089,2,,,,
e7f6d089,3,,,,
e7f6d089,4,,,,
e7f6d089,5,,,,
e7f6d089,6,,,,
8307d77f,1,,,,
8307d77f,2,,,,
8307d77f,3,,,,
8307d77f,4,,,,
416946bc,1,,,,
416946bc,2,,,,
37914cb6,1,,,,
1220174e,1,,,,
1220174e,2,,,,
1220174e,3,,,,
1220174e,4,,,,
5958a65b,1,,,,
5958a65b,2,,,,
5958a65b,3,,,,
a42a815e,1,,,,
a42a815e,2,,,,
a42a815e,3,,,,
a42a815e,4,,,,
a42a815e,5,,,,
a42a815e,6,,,,
a42a815e,7,,,,
a42a815e,8,,,,
1be10736,1,,,,
1be10736,2,,,,
1be10736,3,,,,
1be10736,4,,,,
1be10736,5,,,,
1be10736,6,,,,
1be10736,7,,,,
1be10736,8,,,,
1be10736,9,,,,
1be10736,10,,,,
ebe9ee59,1,,,,
ebe9ee59,2,,,,
ebe9ee59,3,,,,
ebe9ee59,4,,,,
ebe9ee59,5,,,,
ebe9ee59,6,,,,
b13f4b57,1,,,,
b13f4b57,2,,,,
b13f4b57,3,,,,
b13f4b57,4,,,,
b13f4b57,5,,,,
b13f4b57,6,,,,
b13f4b57,7,,,,
b13f4b57,8,,,,
b13f4b57,9,,,,
b13f4b57,10,,,,
b13f4b57,11,,,,
b13f4b57,12,,,,
b13f4b57,13,,,,
b13f4b57,14,,,,
b13f4b57,15,,,,
b13f4b57,16,,,,
b13f4b57,17,,,,
da09d849,1,,,,
da09d849,2,,,,
da09d849,3,,,,
da09d849,4,,,,
da09d849,5,,,,
da09d849,6,,,,
da09d849,7,,,,
da09d849,8,,,,
da09d849,9,,,,
da09d849,10,,,,
b8350900,1,,,,
b8350900,2,,,,
b8350900,3,,,,
b8350900,4,,,,
b8350900,5,,,,
b8350900,6,,,,
c9d6d06d,1,,,,
c9d6d06d,2,,,,
c9d6d06d,3,,,,
c9d6d06d,4,,,,
da8331ef,1,,,,
da8331ef,2,,,,
da8331ef,3,,,,
da8331ef,4,,,,
da8331ef,5,,,,
da8331ef,6,,,,
da8331ef,7,,,,
19fce24d,1,,,,
19fce24d,2,,,,
19fce24d,3,,,,
19fce24d,4,,,,
db380ba0,1,,,,
db380ba0,2,,,,
db380ba0,3,,,,
db380ba0,4,,,,
d8abe040,1,,,,
d8abe040,2,,,,
d8abe040,3,,,,
d8abe040,4,,,,
05298f91,1,,,,
05298f91,2,,,,
05298f91,3,,,,
054731a5,1,,,,
054731a5,2,,,,
054731a5,3,,,,
054731a5,4,,,,
054731a5,5,,,,
2c58f220,1,,,,
2c58f220,2,,,,
2c58f220,3,,,,
2c58f220,4,,,,
f85f4ac0,1,,,,
f85f4ac0,2,,,,
f85f4ac0,3,,,,
f85f4ac0,4,,,,
f85f4ac0,5,,,,
f85f4ac0,6,,,,
f85f4ac0,7,,,,
f85f4ac0,8,,,,
f85f4ac0,9,,,,
5329b0f3,1,,,,
5329b0f3,2,,,,
d3ad5a73,1,,,,
d3ad5a73,2,,,,
d3ad5a73,3,,,,
d3ad5a73,4,,,,
d3ad5a73,5,,,,
d3ad5a73,6,,,,
d3ad5a73,7,,,,
d3ad5a73,8,,,,
d3ad5a73,9,,,,
d3ad5a73,10,,,,
d3ad5a73,11,,,,
d3ad5a73,12,,,,
d3ad5a73,13,,,,
1459e2c6,1,,,,
1459e2c6,2,,,,
1459e2c6,3,,,,
1459e2c6,4,,,,
1459e2c6,5,,,,
1459e2c6,6,,,,
1459e2c6,7,,,,
93c49314,1,,,,
93c49314,2,,,,
fd7b514a,1,,,,
fd7b514a,2,,,,
fd7b514a,3,,,,
fd7b514a,4,,,,
fd7b514a,5,,,,
fd7b514a,6,,,,
fd7b514a,7,,,,
fd7b514a,8,,,,
fd7b514a,9,,,,
fd7b514a,10,,,,
fd7b514a,11,,,,
9ed006d4,1,,,,
9ed006d4,2,,,,
9ed006d4,3,,,,
9ed006d4,4,,,,
9ed006d4,5,,,,
9ed006d4,6,,,,
9ed006d4,7,,,,
0b1a28ce,1,,,,
0b1a28ce,2,,,,
0b1a28ce,3,,,,
0b1a28ce,4,,,,
33d6e0df,1,,,,
33d6e0df,2,,,,
33d6e0df,3,,,,
33d6e0df,4,,,,
82ae66ad,1,,,,
82ae66ad,2,,,,
82ae66ad,3,,,,
82ae66ad,4,,,,
39bf479d,1,,,,
39bf479d,2,,,,
39bf479d,3,,,,
39bf479d,4,,,,
9b00fb5e,1,,,,
9b00fb5e,2,,,,
9b00fb5e,3,,,,
9b00fb5e,4,,,,
9b00fb5e,5,,,,
9b00fb5e,6,,,,
9b00fb5e,7,,,,
9b00fb5e,8,,,,
e38d015b,1,,,,
e38d015b,2,,,,
e38d015b,3,,,,
e38d015b,4,,,,
e38d015b,5,,,,
de47d600,1,,,,
f51e2ff2,1,,,,
f51e2ff2,2,,,,
f51e2ff2,3,,,,
f51e2ff2,4,,,,
bc03135a,1,,,,
bc03135a,2,,,,
bc03135a,3,,,,
bc03135a,4,,,,
bc03135a,5,,,,
bc03135a,6,,,,
4403a73f,1,,,,
4403a73f,2,,,,
4403a73f,3,,,,
4403a73f,4,,,,
dd6a3683,1,,,,
dd6a3683,2,,,,
dd6a3683,3,,,,
dd6a3683,4,,,,
dd6a3683,5,,,,
dd6a3683,6,,,,
dd6a3683,7,,,,
dd6a3683,8,,,,
dd6a3683,9,,,,
e39885f3,1,,,,
e39885f3,2,,,,
e39885f3,3,,,,
e39885f3,4,,,,
e39885f3,5,,,,
e39885f3,6,,,,
61247b32,1,,,,
61247b32,2,,,,
61247b32,3,,,,
61247b32,4,,,,
61247b32,5,,,,
87ee7a61,1,,,,
87ee7a61,2,,,,
87ee7a61,3,,,,
87ee7a61,4,,,,
87ee7a61,5,,,,
87ee7a61,6,,,,
33588917,1,,,,
33588917,2,,,,
33588917,3,,,,
e0255299,1,,,,
e0255299,2,,,,
e0255299,3,,,,
58cbc037,1,,,,
58cbc037,2,,,,
58cbc037,3,,,,
58cbc037,4,,,,
9c627ebd,1,,,,
9c627ebd,2,,,,
9c627ebd,3,,,,
9c627ebd,4,,,,
9c627ebd,5,,,,
3bd433d7,1,,,,
3bd433d7,2,,,,
3bd433d7,3,,,,
3bd433d7,4,,,,
3bd433d7,5,,,,
86e86a1d,1,,,,
86e86a1d,2,,,,
86e86a1d,3,,,,
86e86a1d,4,,,,
86e86a1d,5,,,,
1f6cb393,1,,,,
1f6cb393,2,,,,
1f6cb393,3,,,,
1f6cb393,4,,,,
1f6cb393,5,,,,
7298a640,1,,,,
7298a640,2,,,,
7298a640,3,,,,
7298a640,4,,,,
b379e483,1,,,,
b379e483,2,,,,
b379e483,3,,,,
594b1a1c,1,,,,
2929f922,1,,,,
2929f922,2,,,,
2929f922,3,,,,
2929f922,4,,,,
2929f922,5,,,,
7194cc26,1,,,,
7194cc26,2,,,,
7194cc26,3,,,,
7194cc26,4,,,,
7194cc26,5,,,,
7194cc26,6,,,,
7194cc26,7,,,,
7194cc26,8,,,,
a1233156,1,,,,
a1233156,2,,,,
a1233156,3,,,,
a1233156,4,,,,
f38cafca,1,,,,
f38cafca,2,,,,
f38cafca,3,,,,
f38cafca,4,,,,
9659ad59,1,,,,
9659ad59,2,,,,
9659ad59,3,,,,
d64be6f7,1,,,,
d64be6f7,2,,,,
d64be6f7,3,,,,
d64be6f7,4,,,,
d64be6f7,5,,,,
d64be6f7,6,,,,
d64be6f7,7,,,,
1ee01369,1,,,,
1ee01369,2,,,,
1ee01369,3,,,,
1ee01369,4,,,,
1ee01369,5,,,,
1ee01369,6,,,,
1ee01369,7,,,,
1ee01369,8,,,,
1ee01369,9,,,,
f61461ed,1,,,,
f61461ed,2,,,,
f61461ed,3,,,,
41b91a0e,1,,,,
41b91a0e,2,,,,
e0191c45,1,,,,
2efc9257,1,,,,
9375df98,1,,,,
9375df98,2,,,,
660a840e,1,,,,
660a840e,2,,,,
660a840e,3,,,,
660a840e,4,,,,
660a840e,5,,,,
660a840e,6,,,,
660a840e,7,,,,
660a840e,8,,,,
c92ff501,1,,,,
c92ff501,2,,,,
c92ff501,3,,,,
c92ff501,4,,,,
c92ff501,5,,,,
c92ff501,6,,,,
c92ff501,7,,,,
fe9889e2,1,,,,
fe9889e2,2,,,,
fe9889e2,3,,,,
fe9889e2,4,,,,
f5cc6ace,1,,,,
f5cc6ace,2,,,,
f5cc6ace,3,,,,
f5cc6ace,4,,,,
f5cc6ace,5,,,,
514c7ec4,1,,,,
514c7ec4,2,,,,
514c7ec4,3,,,,
514c7ec4,4,,,,
514c7ec4,5,,,,
514c7ec4,6,,,,
8625f848,1,,,,
8625f848,2,,,,
8625f848,3,,,,
8625f848,4,,,,
8625f848,5,,,,
236027a0,1,,,,
236027a0,2,,,,
236027a0,3,,,,
236027a0,4,,,,
236027a0,5,,,,
b8783269,1,,,,
b8783269,2,,,,
b8783269,3,,,,
b8783269,4,,,,
b8783269,5,,,,
b9b7ba7c,1,,,,
b9b7ba7c,2,,,,
b9b7ba7c,3,,,,
b9b7ba7c,4,,,,
b9b7ba7c,5,,,,
b9b7ba7c,6,,,,
620b6e5a,1,,,,
620b6e5a,2,,,,
620b6e5a,3,,,,
305473cf,1,,,,
305473cf,2,,,,
305473cf,3,,,,
848940e5,1,,,,
848940e5,2,,,,
848940e5,3,,,,
540a14c0,1,,,,
540a14c0,2,,,,
540a14c0,3,,,,
540a14c0,4,,,,
f257bf77,1,,,,
f257bf77,2,,,,
2bf9f60e,1,,,,
2bf9f60e,2,,,,
2bf9f60e,3,,,,
2bf9f60e,4,,,,
2bf9f60e,5,,,,
5c5701d7,1,,,,
5c5701d7,2,,,,
5c5701d7,3,,,,
5c5701d7,4,,,,
cc5bbb68,1,,,,
cc5bbb68,2,,,,
cc5bbb68,3,,,,
cc5bbb68,4,,,,
cc5bbb68,5,,,,
cc5bbb68,6,,,,
cc5bbb68,7,,,,
cc5bbb68,8,,,,
94ee12b7,1,,,,
94ee12b7,2,,,,
94ee12b7,3,,,,
94ee12b7,4,,,,
94ee12b7,5,,,,
94ee12b7,6,,,,
94ee12b7,7,,,,
ea1afad0,1,,,,
ea1afad0,2,,,,
ea1afad0,3,,,,
ea1afad0,4,,,,
626da374,1,,,,
626da374,2,,,,
626da374,3,,,,
626da374,4,,,,
0bc03ee8,1,,,,
0bc03ee8,2,,,,
0bc03ee8,3,,,,
b91890bf,1,,,,
b91890bf,2,,,,
b91890bf,3,,,,
40e99be0,1,,,,
40e99be0,2,,,,
40e99be0,3,,,,
40e99be0,4,,,,
40e99be0,5,,,,
40e99be0,6,,,,
40e99be0,7,,,,
40e99be0,8,,,,
40e99be0,9,,,,
40e99be0,10,,,,
506b242a,1,,,,
506b242a,2,,,,
506b242a,3,,,,
506b242a,4,,,,
506b242a,5,,,,
506b242a,6,,,,
506b242a,7,,,,
dd764207,1,,,,
dd764207,2,,,,
93e4cf5f,1,,,,
93e4cf5f,2,,,,
93e4cf5f,3,,,,
93e4cf5f,4,,,,
18e1f45b,1,,,,
18e1f45b,2,,,,
18e1f45b,3,,,,
18e1f45b,4,,,,
18e1f45b,5,,,,
18e1f45b,6,,,,
18e1f45b,7,,,,
18e1f45b,8,,,,
18e1f45b,9,,,,
18e1f45b,10,,,,
18e1f45b,11,,,,
9d865bcd,1,,,,
9d865bcd,2,,,,
9d865bcd,3,,,,
9d865bcd,4,,,,
9d865bcd,5,,,,
9d865bcd,6,,,,
9d865bcd,7,,,,
9d865bcd,8,,,,
87eaa964,1,,,,
87eaa964,2,,,,
87eaa964,3,,,,
87eaa964,4,,,,
e92d29ad,1,,,,
e92d29ad,2,,,,
e92d29ad,3,,,,
e92d29ad,4,,,,
e92d29ad,5,,,,
b29a8b44,1,,,,
b29a8b44,2,,,,
b29a8b44,3,,,,
b29a8b44,4,,,,
b29a8b44,5,,,,
b29a8b44,6,,,,
b29a8b44,7,,,,
b29a8b44,8,,,,
b29a8b44,9,,,,
b8350901,1,,,,
b8350901,2,,,,
4223eb26,1,,,,
4223eb26,2,,,,
4223eb26,3,,,,
29ab2852,1,,,,
29ab2852,2,,,,
29ab2852,3,,,,
29ab2852,4,,,,
e3bd3faf,1,,,,
e3bd3faf,2,,,,
e3bd3faf,3,,,,
ef4e0295,1,,,,
ef4e0295,2,,,,
ef4e0295,3,,,,
ef4e0295,4,,,,
75fb1e5c,1,,,,
75fb1e5c,2,,,,
75fb1e5c,3,,,,
5b60be8a,1,,,,
5b60be8a,2,,,,
5b60be8a,3,,,,
5b60be8a,4,,,,
5b60be8a,5,,,,
5b60be8a,6,,,,
5b60be8a,7,,,,
9eb3e9c4,1,,,,
9eb3e9c4,2,,,,
9eb3e9c4,3,,,,
9eb3e9c4,4,,,,
9eb3e9c4,5,,,,
9eb3e9c4,6,,,,
9eb3e9c4,7,,,,
3af2407a,1,,,,
3af2407a,2,,,,
3af2407a,3,,,,
c640fe2c,1,,,,
c640fe2c,2,,,,
c640fe2c,3,,,,
c640fe2c,4,,,,
ab1cdc56,1,,,,
ab1cdc56,2,,,,
ab1cdc56,3,,,,
ab1cdc56,4,,,,
9bb97454,1,,,,
9bb97454,2,,,,
9bb97454,3,,,,
add0b067,1,,,,
add0b067,2,,,,
add0b067,3,,,,
add0b067,4,,,,
7c6efd49,1,,,,
7c6efd49,2,,,,
7c6efd49,3,,,,
7c6efd49,4,,,,
7c6efd49,5,,,,
7c6efd49,6,,,,
7c6efd49,7,,,,
c4f942f0,1,,,,
c4f942f0,2,,,,
c4f942f0,3,,,,
c4f942f0,4,,,,
c4f942f0,5,,,,
c4f942f0,6,,,,
c4f942f0,7,,,,
c4f942f0,8,,,,
c4f942f0,9,,,,
c4f942f0,10,,,,
c4f942f0,11,,,,
c4f942f0,12,,,,
c4f942f0,13,,,,
c4f942f0,14,,,,
c4f942f0,15,,,,
6b06f591,1,,,,
6b06f591,2,,,,
6b06f591,3,,,,
6b06f591,4,,,,
4993a918,1,,,,
4993a918,2,,,,
4993a918,3,,,,
4993a918,4,,,,
4993a918,5,,,,
ff0be785,1,,,,
ff0be785,2,,,,
ff0be785,3,,,,
ff0be785,4,,,,
ff0be785,5,,,,
265226b1,1,,,,
265226b1,2,,,,
265226b1,3,,,,
265226b1,4,,,,
265226b1,5,,,,
265226b1,6,,,,
00b569f2,1,,,,
00b569f2,2,,,,
00b569f2,3,,,,
00b569f2,4,,,,
00b569f2,5,,,,
00b569f2,6,,,,
00b569f2,7,,,,
00b569f2,8,,,,
6852489f,1,,,,
6852489f,2,,,,
6852489f,3,,,,
6852489f,4,,,,
6852489f,5,,,,
6852489f,6,,,,
6852489f,7,,,,
3b797ff2,1,,,,
03cbfaa5,1,,,,
03cbfaa5,2,,,,
03cbfaa5,3,,,,
03cbfaa5,4,,,,
03cbfaa5,5,,,,
9d7faa15,1,,,,
9d7faa15,2,,,,
9d7faa15,3,,,,
9d7faa15,4,,,,
9d7faa15,5,,,,
9d7faa15,6,,,,
9d7faa15,7,,,,
9d7faa15,8,,,,
a57c1e9b,1,,,,
a57c1e9b,2,,,,
a57c1e9b,3,,,,
a57c1e9b,4,,,,
9f613c4a,1,,,,
9f613c4a,2,,,,
9f613c4a,3,,,,
9f613c4a,4,,,,
9f613c4a,5,,,,
9f613c4a,6,,,,
9f613c4a,7,,,,
9f613c4a,8,,,,
9f613c4a,9,,,,
9f613c4a,10,,,,
9f613c4a,11,,,,
9f613c4a,12,,,,
937eb7a8,1,,,,
937eb7a8,2,,,,
937eb7a8,3,,,,
49b2c746,1,,,,
49b2c746,2,,,,
49b2c746,3,,,,
49b2c746,4,,,,
49b2c746,5,,,,
66d1ab72,1,,,,
66d1ab72,2,,,,
66d1ab72,3,,,,
66d1ab72,4,,,,
66d1ab72,5,,,,
66d1ab72,6,,,,
66d1ab72,7,,,,
66d1ab72,8,,,,
66d1ab72,9,,,,
34d27803,1,,,,
34d27803,2,,,,
34d27803,3,,,,
34d27803,4,,,,
34d27803,5,,,,
34d27803,6,,,,
34d27803,7,,,,
843896be,1,,,,
843896be,2,,,,
843896be,3,,,,
843896be,4,,,,
843896be,5,,,,
843896be,6,,,,
843896be,7,,,,
aa4c402d,1,,,,
aa4c402d,2,,,,
aa4c402d,3,,,,
eed91da5,1,,,,
eed91da5,2,,,,
eed91da5,3,,,,
eed91da5,4,,,,
eed91da5,5,,,,
eed91da5,6,,,,
eed91da5,7,,,,
eed91da5,8,,,,
eed91da5,9,,,,
eed91da5,10,,,,
eed91da5,11,,,,
eed91da5,12,,,,
434bdf9d,1,,,,
434bdf9d,2,,,,
434bdf9d,3,,,,
0770580d,1,,,,
0770580d,2,,,,
0770580d,3,,,,
0770580d,4,,,,
0770580d,5,,,,
0770580d,6,,,,
0770580d,7,,,,
0770580d,8,,,,
0770580d,9,,,,
0770580d,10,,,,
0770580d,11,,,,
c8e86f14,1,,,,
c8e86f14,2,,,,
c8e86f14,3,,,,
c4484574,1,,,,
c4484574,2,,,,
e3081fd3,1,,,,
e3081fd3,2,,,,
e3081fd3,3,,,,
e3081fd3,4,,,,
43deff29,1,,,,
43deff29,2,,,,
deb35ee7,1,,,,
deb35ee7,2,,,,
deb35ee7,3,,,,
deb35ee7,4,,,,
deb35ee7,5,,,,
281aa393,1,,,,
281aa393,2,,,,
281aa393,3,,,,
281aa393,4,,,,
2d1adbaf,1,,,,
00a2ff18,1,,,,
00a2ff18,2,,,,
00a2ff18,3,,,,
00a2ff18,4,,,,
00a2ff18,5,,,,
00a2ff18,6,,,,
9094ca58,1,,,,
9094ca58,2,,,,
9094ca58,3,,,,
9094ca58,4,,,,
9094ca58,5,,,,
9094ca58,6,,,,
9094ca58,7,,,,
814c5368,1,,,,
814c5368,2,,,,
814c5368,3,,,,
814c5368,4,,,,
814c5368,5,,,,
814c5368,6,,,,
814c5368,7,,,,
814c5368,8,,,,
814c5368,9,,,,
fdb68dc4,1,,,,
fdb68dc4,2,,,,
fdb68dc4,3,,,,
fdb68dc4,4,,,,
fdb68dc4,5,,,,
fdb68dc4,6,,,,
fdb68dc4,7,,,,
550a0c9d,1,,,,
550a0c9d,2,,,,
550a0c9d,3,,,,
550a0c9d,4,,,,
550a0c9d,5,,,,
31cd85d7,1,,,,
31cd85d7,2,,,,
31cd85d7,3,,,,
31cd85d7,4,,,,
31cd85d7,5,,,,
31cd85d7,6,,,,
31cd85d7,7,,,,
31cd85d7,8,,,,
31431c49,1,,,,
31431c49,2,,,,
31431c49,3,,,,
31431c49,4,,,,
31431c49,5,,,,
31431c49,6,,,,
31431c49,7,,,,
31431c49,8,,,,
31431c49,9,,,,
31431c49,10,,,,
31431c49,11,,,,
31431c49,12,,,,
cc8cfd45,1,,,,
cc8cfd45,2,,,,
cc8cfd45,3,,,,
cc8cfd45,4,,,,
cc8cfd45,5,,,,
cc8cfd45,6,,,,
cc8cfd45,7,,,,
cc8cfd45,8,,,,
cc8cfd45,9,,,,
cc8cfd45,10,,,,
5e090448,1,,,,
3daff112,1,,,,
3daff112,2,,,,
3daff112,3,,,,
3daff112,4,,,,
3daff112,5,,,,
3daff112,6,,,,
3daff112,7,,,,
3daff112,8,,,,
3daff112,9,,,,
3daff112,10,,,,
3daff112,11,,,,
9c5f4539,1,,,,
9c5f4539,2,,,,
9c5f4539,3,,,,
9c5f4539,4,,,,
9da7a5f2,1,,,,
9da7a5f2,2,,,,
9da7a5f2,3,,,,
112d0034,1,,,,
112d0034,2,,,,
112d0034,3,,,,
4a7db3c6,1,,,,
4a7db3c6,2,,,,
4a7db3c6,3,,,,
4a7db3c6,4,,,,
4a7db3c6,5,,,,
4a7db3c6,6,,,,
4a7db3c6,7,,,,
4a7db3c6,8,,,,
4a7db3c6,9,,,,
2ff8a738,1,,,,
2ff8a738,2,,,,
2ff8a738,3,,,,
2ff8a738,4,,,,
2ff8a738,5,,,,
2ff8a738,6,,,,
cf76cfde,1,,,,
cf76cfde,2,,,,
cf76cfde,3,,,,
cf76cfde,4,,,,
cf76cfde,5,,,,
cf76cfde,6,,,,
cf76cfde,7,,,,
cf76cfde,8,,,,
cf76cfde,9,,,,
cf76cfde,10,,,,
80b0044b,1,,,,
80b0044b,2,,,,
b5df156e,1,,,,
b5df156e,2,,,,
b5df156e,3,,,,
b5df156e,4,,,,
b5df156e,5,,,,
b5df156e,6,,,,
69668831,1,,,,
69668831,2,,,,
69668831,3,,,,
69668831,4,,,,
69668831,5,,,,
95281228,1,,,,
95281228,2,,,,
17d41d80,1,,,,
17d41d80,2,,,,
4db59eb3,1,,,,
4db59eb3,2,,,,
4db59eb3,3,,,,
4db59eb3,4,,,,
4db59eb3,5,,,,
4db59eb3,6,,,,
4db59eb3,7,,,,
4db59eb3,8,,,,
4db59eb3,9,,,,
4db59eb3,10,,,,
4db59eb3,11,,,,
131732a0,1,,,,
131732a0,2,,,,
131732a0,3,,,,
131732a0,4,,,,
131732a0,5,,,,
131732a0,6,,,,
131732a0,7,,,,
131732a0,8,,,,
6708838f,1,,,,
6708838f,2,,,,
6708838f,3,,,,
6708838f,4,,,,
1a7a23d4,1,,,,
1a7a23d4,2,,,,
1a7a23d4,3,,,,
1a7a23d4,4,,,,
1a7a23d4,5,,,,
1a7a23d4,6,,,,
1a7a23d4,7,,,,
1a7a23d4,8,,,,
12ff8c25,1,,,,
12ff8c25,2,,,,
12ff8c25,3,,,,
12ff8c25,4,,,,
12ff8c25,5,,,,
fc627b17,1,,,,
fc627b17,2,,,,
fc627b17,3,,,,
fc627b17,4,,,,
735439dd,1,,,,
735439dd,2,,,,
735439dd,3,,,,
735439dd,4,,,,
735439dd,5,,,,
e87f0ca2,1,,,,
e87f0ca2,2,,,,
e87f0ca2,3,,,,
e87f0ca2,4,,,,
e87f0ca2,5,,,,
e87f0ca2,6,,,,
e87f0ca2,7,,,,
cad3eff0,1,,,,
cad3eff0,2,,,,
cad3eff0,3,,,,
2ae6a691,1,,,,
2ae6a691,2,,,,
2ae6a691,3,,,,
f133510b,1,,,,
f133510b,2,,,,
f133510b,3,,,,
f133510b,4,,,,
f133510b,5,,,,
6e59ba12,1,,,,
6e59ba12,2,,,,
6e59ba12,3,,,,
6e59ba12,4,,,,
6e59ba12,5,,,,
6e59ba12,6,,,,
6e59ba12,7,,,,
104776ef,1,,,,
104776ef,2,,,,
104776ef,3,,,,
104776ef,4,,,,
104776ef,5,,,,
104776ef,6,,,,
104776ef,7,,,,
104776ef,8,,,,
7168d463,1,,,,
7168d463,2,,,,
7168d463,3,,,,
7168d463,4,,,,
7168d463,5,,,,
7168d463,6,,,,
7168d463,7,,,,
7168d463,8,,,,
7168d463,9,,,,
7168d463,10,,,,
7168d463,11,,,,
7168d463,12,,,,
7168d463,13,,,,
7168d463,14,,,,
7168d463,15,,,,
7168d463,16,,,,
7168d463,17,,,,
7168d463,18,,,,
7168d463,19,,,,
7168d463,20,,,,
7168d463,21,,,,
fb51b475,1,,,,
fb51b475,2,,,,
fb51b475,3,,,,
fb51b475,4,,,,
fb51b475,5,,,,
fb51b475,6,,,,
fb51b475,7,,,,
fb51b475,8,,,,
fb51b475,9,,,,
fb51b475,10,,,,
fb51b475,11,,,,
f7ad4c89,1,,,,
f7ad4c89,2,,,,
f7ad4c89,3,,,,
f7ad4c89,4,,,,
f7ad4c89,5,,,,
f7ad4c89,6,,,,
f7ad4c89,7,,,,
55053299,1,,,,
55053299,2,,,,
55053299,3,,,,
55053299,4,,,,
55053299,5,,,,
55053299,6,,,,
55053299,7,,,,
55053299,8,,,,
3f73d2ce,1,,,,
3f73d2ce,2,,,,
3f73d2ce,3,,,,
3f73d2ce,4,,,,
3f73d2ce,5,,,,
3f73d2ce,6,,,,
3f73d2ce,7,,,,
c8694f3a,1,,,,
c8694f3a,2,,,,
c8694f3a,3,,,,
c8694f3a,4,,,,
e3058619,1,,,,
e3058619,2,,,,
e3058619,3,,,,
e3058619,4,,,,
e3058619,5,,,,
e3058619,6,,,,
e3058619,7,,,,
ab1e901f,1,,,,
ab1e901f,2,,,,
ab1e901f,3,,,,
ab1e901f,4,,,,
ab1e901f,5,,,,
ab1e901f,6,,,,
ab1e901f,7,,,,
ab1e901f,8,,,,
12846cc6,1,,,,
12846cc6,2,,,,
12846cc6,3,,,,
12846cc6,4,,,,
12846cc6,5,,,,
12846cc6,6,,,,
12846cc6,7,,,,
6d2555aa,1,,,,
6d2555aa,2,,,,
6d2555aa,3,,,,
6d2555aa,4,,,,
6d2555aa,5,,,,
f09ce6b3,1,,,,
f09ce6b3,2,,,,
78336fc0,1,,,,
78336fc0,2,,,,
78336fc0,3,,,,
78336fc0,4,,,,
78336fc0,5,,,,
72215ba4,1,,,,
72215ba4,2,,,,
72215ba4,3,,,,
72215ba4,4,,,,
72215ba4,5,,,,
72215ba4,6,,,,
2db935ea,1,,,,
2db935ea,2,,,,
2db935ea,3,,,,
2db935ea,4,,,,
2db935ea,5,,,,
362d0dee,1,,,,
362d0dee,2,,,,
362d0dee,3,,,,
362d0dee,4,,,,
362d0dee,5,,,,
362d0dee,6,,,,
362d0dee,7,,,,
234a8ca8,1,,,,
234a8ca8,2,,,,
234a8ca8,3,,,,
7ea33803,1,,,,
7ea33803,2,,,,
48cf387f,1,,,,
48cf387f,2,,,,
48cf387f,3,,,,
48cf387f,4,,,,
c266d57b,1,,,,
c266d57b,2,,,,
c266d57b,3,,,,
c266d57b,4,,,,
c266d57b,5,,,,
c266d57b,6,,,,
c266d57b,7,,,,
c266d57b,8,,,,
57fbcb1b,1,,,,
57fbcb1b,2,,,,
57fbcb1b,3,,,,
57fbcb1b,4,,,,
57fbcb1b,5,,,,
3c73c705,1,,,,
3c73c705,2,,,,
3c73c705,3,,,,
3c73c705,4,,,,
3c73c705,5,,,,
f7452b9f,1,,,,
f7452b9f,2,,,,
f7452b9f,3,,,,
f7452b9f,4,,,,
f7452b9f,5,,,,
f7452b9f,6,,,,
f7452b9f,7,,,,
f7452b9f,8,,,,
f7452b9f,9,,,,
f7452b9f,10,,,,
f7452b9f,11,,,,
1e197456,1,,,,
1e197456,2,,,,
1e197456,3,,,,
1e197456,4,,,,
1e197456,5,,,,
1e197456,6,,,,
1e197456,7,,,,
1e197456,8,,,,
533c7408,1,,,,
533c7408,2,,,,
533c7408,3,,,,
533c7408,4,,,,
533c7408,5,,,,
533c7408,6,,,,
533c7408,7,,,,
533c7408,8,,,,
db749615,1,,,,
db749615,2,,,,
db749615,3,,,,
db749615,4,,,,
db749615,5,,,,
db749615,6,,,,
db749615,7,,,,
8ea170d2,1,,,,
8ea170d2,2,,,,
8ea170d2,3,,,,
8ea170d2,4,,,,
8ea170d2,5,,,,
8ea170d2,6,,,,
8ea170d2,7,,,,
5ab25363,1,,,,
5ab25363,2,,,,
5ab25363,3,,,,
5ab25363,4,,,,
5ab25363,5,,,,
5ab25363,6,,,,
5ab25363,7,,,,
5ab25363,8,,,,
5ab25363,9,,,,
5ab25363,10,,,,
5ab25363,11,,,,
5ab25363,12,,,,
5ab25363,13,,,,
5ab25363,14,,,,
5ab25363,15,,,,
5ab25363,16,,,,
4abcb403,1,,,,
4abcb403,2,,,,
4abcb403,3,,,,
4abcb403,4,,,,
4abcb403,5,,,,
340154fa,1,,,,
340154fa,2,,,,
340154fa,3,,,,
340154fa,4,,,,
340154fa,5,,,,
10ab07eb,1,,,,
10ab07eb,2,,,,
10ab07eb,3,,,,
10ab07eb,4,,,,
10ab07eb,5,,,,
10ab07eb,6,,,,
10ab07eb,7,,,,
10ab07eb,8,,,,
10ab07eb,9,,,,
10ab07eb,10,,,,
10ab07eb,11,,,,
10ab07eb,12,,,,
33056c0f,1,,,,
33056c0f,2,,,,
33056c0f,3,,,,
33056c0f,4,,,,
33056c0f,5,,,,
33056c0f,6,,,,
33056c0f,7,,,,
33056c0f,8,,,,
c0af45f4,1,,,,
c0af45f4,2,,,,
c0af45f4,3,,,,
c0af45f4,4,,,,
c0af45f4,5,,,,
c0af45f4,6,,,,
c0af45f4,7,,,,
c0af45f4,8,,,,
f048719a,1,,,,
f048719a,2,,,,
f048719a,3,,,,
f048719a,4,,,,
f048719a,5,,,,
f048719a,6,,,,
f048719a,7,,,,
f048719a,8,,,,
f048719a,9,,,,
f048719a,10,,,,
f048719a,11,,,,
3ca098da,1,,,,
3ca098da,2,,,,
3ca098da,3,,,,
3ca098da,4,,,,
63b2e02b,1,,,,
63b2e02b,2,,,,
63b2e02b,3,,,,
63b2e02b,4,,,,
63b2e02b,5,,,,
63b2e02b,6,,,,
63b2e02b,7,,,,
63b2e02b,8,,,,
63b2e02b,9,,,,
63b2e02b,10,,,,
63b2e02b,11,,,,
63b2e02b,12,,,,
109531f4,1,,,,
109531f4,2,,,,
109531f4,3,,,,
109531f4,4,,,,
109531f4,5,,,,
109531f4,6,,,,
109531f4,7,,,,
109531f4,8,,,,
109531f4,9,,,,
109531f4,10,,,,
109531f4,11,,,,
109531f4,12,,,,
5103e650,1,,,,
5103e650,2,,,,
5103e650,3,,,,
5103e650,4,,,,
5103e650,5,,,,
5103e650,6,,,,
e8c7dd5b,1,,,,
e8c7dd5b,2,,,,
e8c7dd5b,3,,,,
e8c7dd5b,4,,,,
e8c7dd5b,5,,,,
108549ba,1,,,,
108549ba,2,,,,
108549ba,3,,,,
108549ba,4,,,,
108549ba,5,,,,
108549ba,6,,,,
108549ba,7,,,,
108549ba,8,,,,
108549ba,9,,,,
7e967792,1,,,,
7e967792,2,,,,
7e967792,3,,,,
7e967792,4,,,,
7e967792,5,,,,
7e967792,6,,,,
7e967792,7,,,,
7e967792,8,,,,
c9494ee8,1,,,,
c9494ee8,2,,,,
c9494ee8,3,,,,
c9494ee8,4,,,,
c9494ee8,5,,,,
c9494ee8,6,,,,
c9494ee8,7,,,,
0082fa4c,1,,,,
0082fa4c,2,,,,
0082fa4c,3,,,,
0082fa4c,4,,,,
0082fa4c,5,,,,
0082fa4c,6,,,,
0082fa4c,7,,,,
0082fa4c,8,,,,
8f99236e,1,,,,
8f99236e,2,,,,
8f99236e,3,,,,
8f99236e,4,,,,
8f99236e,5,,,,
8f99236e,6,,,,
8f99236e,7,,,,
8f99236e,8,,,,
8f99236e,9,,,,
8f99236e,10,,,,
8f99236e,11,,,,
8f99236e,12,,,,
8f99236e,13,,,,
7d5c53c4,1,,,,
7d5c53c4,2,,,,
7d5c53c4,3,,,,
7d5c53c4,4,,,,
7d5c53c4,5,,,,
68b5a797,1,,,,
68b5a797,2,,,,
68b5a797,3,,,,
68b5a797,4,,,,
68b5a797,5,,,,
68b5a797,6,,,,
68b5a797,7,,,,
bc1509f5,1,,,,
bc1509f5,2,,,,
bc1509f5,3,,,,
bc1509f5,4,,,,
f7b52501,1,,,,
f7b52501,2,,,,
f7b52501,3,,,,
f7b52501,4,,,,
f7b52501,5,,,,
f7b52501,6,,,,
f7b52501,7,,,,
f7b52501,8,,,,
f7b52501,9,,,,
f7b52501,10,,,,
f7b52501,11,,,,
10968d37,1,,,,
10968d37,2,,,,
10968d37,3,,,,
10968d37,4,,,,
10968d37,5,,,,
10968d37,6,,,,
10968d37,7,,,,
10968d37,8,,,,
10968d37,9,,,,
10968d37,10,,,,
10968d37,11,,,,
3ddfc71c,1,,,,
3ddfc71c,2,,,,
dfa88b94,1,,,,
dfa88b94,2,,,,
d54a6b5f,1,,,,
d54a6b5f,2,,,,
d54a6b5f,3,,,,
d54a6b5f,4,,,,
d54a6b5f,5,,,,
d54a6b5f,6,,,,
d54a6b5f,7,,,,
d54a6b5f,8,,,,
d54a6b5f,9,,,,
d54a6b5f,10,,,,
d54a6b5f,11,,,,
d54a6b5f,12,,,,
f87db705,1,,,,
f87db705,2,,,,
f87db705,3,,,,
f87db705,4,,,,
f87db705,5,,,,
f87db705,6,,,,
50a463eb,1,,,,
50a463eb,2,,,,
50a463eb,3,,,,
50a463eb,4,,,,
50a463eb,5,,,,
50a463eb,6,,,,
50a463eb,7,,,,
50a463eb,8,,,,
50a463eb,9,,,,
50a463eb,10,,,,
50a463eb,11,,,,
50a463eb,12,,,,
50a463eb,13,,,,
50a463eb,14,,,,
50a463eb,15,,,,
50a463eb,16,,,,
f1857cef,1,,,,
f1857cef,2,,,,
f1857cef,3,,,,
f1857cef,4,,,,
a2bd7f1e,1,,,,
a2bd7f1e,2,,,,
a2bd7f1e,3,,,,
a2bd7f1e,4,,,,
a2bd7f1e,5,,,,
a2bd7f1e,6,,,,
f0e31f32,1,,,,
f0e31f32,2,,,,
f0e31f32,3,,,,
f0e31f32,4,,,,
f0e31f32,5,,,,
f0e31f32,6,,,,
f0e31f32,7,,,,
d0c510c5,1,,,,
d0c510c5,2,,,,
d0c510c5,3,,,,
d0c510c5,4,,,,
d0c510c5,5,,,,
d0c510c5,6,,,,
d0c510c5,7,,,,
21b61a85,1,,,,
21b61a85,2,,,,
21b61a85,3,,,,
21b61a85,4,,,,
21b61a85,5,,,,
21b61a85,6,,,,
21b61a85,7,,,,
91f40022,1,,,,
91f40022,2,,,,
91f40022,3,,,,
91f40022,4,,,,
91f40022,5,,,,
91f40022,6,,,,
91f40022,7,,,,
91f40022,8,,,,
71c7270b,1,,,,
71c7270b,2,,,,
71c7270b,3,,,,
71c7270b,4,,,,
71c7270b,5,,,,
71c7270b,6,,,,
71c7270b,7,,,,
d1272b9f,1,,,,
d1272b9f,2,,,,
d1272b9f,3,,,,
d1272b9f,4,,,,
d1272b9f,5,,,,
d1272b9f,6,,,,
d1272b9f,7,,,,
ae7d3780,1,,,,
ae7d3780,2,,,,
ae7d3780,3,,,,
ae7d3780,4,,,,
ae7d3780,5,,,,
649eaebc,1,,,,
649eaebc,2,,,,
649eaebc,3,,,,
649eaebc,4,,,,
649eaebc,5,,,,
649eaebc,6,,,,
649eaebc,7,,,,
649eaebc,8,,,,
649eaebc,9,,,,
649eaebc,10,,,,
649eaebc,11,,,,
649eaebc,12,,,,
649eaebc,13,,,,
649eaebc,14,,,,
649eaebc,15,,,,
649eaebc,16,,,,
649eaebc,17,,,,
649eaebc,18,,,,
649eaebc,19,,,,
649eaebc,20,,,,
649eaebc,21,,,,
4f2ed774,1,,,,
4f2ed774,2,,,,
4f2ed774,3,,,,
f29a212f,1,,,,
f29a212f,2,,,,
f29a212f,3,,,,
6c0ec943,1,,,,
6c0ec943,2,,,,
6c0ec943,3,,,,
6c0ec943,4,,,,
6c0ec943,5,,,,
6c0ec943,6,,,,
6c0ec943,7,,,,
6c0ec943,8,,,,
e151c916,1,,,,
e151c916,2,,,,
e151c916,3,,,,
e151c916,4,,,,
e151c916,5,,,,
5cba063b,1,,,,
5cba063b,2,,,,
5cba063b,3,,,,
5cba063b,4,,,,
5cba063b,5,,,,
5cba063b,6,,,,
5cba063b,7,,,,
5cba063b,8,,,,
5cba063b,9,,,,
5cba063b,10,,,,
5cba063b,11,,,,
5cba063b,12,,,,
5cba063b,13,,,,
5cba063b,14,,,,
db63c882,1,,,,
db63c882,2,,,,
db63c882,3,,,,
db63c882,4,,,,
db63c882,5,,,,
db63c882,6,,,,
63a9a2b1,1,,,,
63a9a2b1,2,,,,
63a9a2b1,3,,,,
63a9a2b1,4,,,,
63a9a2b1,5,,,,
63a9a2b1,6,,,,
63a9a2b1,7,,,,
63a9a2b1,8,,,,
63a9a2b1,9,,,,
00cf7717,1,,,,
00cf7717,2,,,,
3198fffc,1,,,,
3198fffc,2,,,,
3198fffc,3,,,,
3198fffc,4,,,,
3198fffc,5,,,,
3198fffc,6,,,,
3198fffc,7,,,,
e4bb0668,1,,,,
e4bb0668,2,,,,
e4bb0668,3,,,,
e4bb0668,4,,,,
e4bb0668,5,,,,
e4bb0668,6,,,,
e4bb0668,7,,,,
e4bb0668,8,,,,
284bf0b0,1,,,,
284bf0b0,2,,,,
284bf0b0,3,,,,
5def87d0,1,,,,
5def87d0,2,,,,
5def87d0,3,,,,
5def87d0,4,,,,
5def87d0,5,,,,
5def87d0,6,,,,
5def87d0,7,,,,
5def87d0,8,,,,
5def87d0,9,,,,
23437955,1,,,,
23437955,2,,,,
23437955,3,,,,
23437955,4,,,,
23437955,5,,,,
23437955,6,,,,
23437955,7,,,,
23437955,8,,,,
23437955,9,,,,
23437955,10,,,,
23437955,11,,,,
ca6c2e4c,1,,,,
ca6c2e4c,2,,,,
ca6c2e4c,3,,,,
ca6c2e4c,4,,,,
ca6c2e4c,5,,,,
ca6c2e4c,6,,,,
ca6c2e4c,7,,,,
ca6c2e4c,8,,,,
e718b140,1,,,,
e718b140,2,,,,
e718b140,3,,,,
e718b140,4,,,,
5a4310d5,1,,,,
5a4310d5,2,,,,
5a4310d5,3,,,,
5a4310d5,4,,,,
5a4310d5,5,,,,
5a4310d5,6,,,,
5a4310d5,7,,,,
d1a5cd90,1,,,,
d1a5cd90,2,,,,
d1a5cd90,3,,,,
d1a5cd90,4,,,,
d1a5cd90,5,,,,
d1a5cd90,6,,,,
d1a5cd90,7,,,,
d1a5cd90,8,,,,
d1a5cd90,9,,,,
a8e79394,1,,,,
a8e79394,2,,,,
a8e79394,3,,,,
a8e79394,4,,,,
0b604114,1,,,,
0b604114,2,,,,
0b604114,3,,,,
0b604114,4,,,,
0b604114,5,,,,
0b604114,6,,,,
6f837bb4,1,,,,
6f837bb4,2,,,,
6f837bb4,3,,,,
6f837bb4,4,,,,
3b7643da,1,,,,
3b7643da,2,,,,
3b7643da,3,,,,
9ae8b650,1,,,,
9ae8b650,2,,,,
9ae8b650,3,,,,
9ae8b650,4,,,,
9ae8b650,5,,,,
9ae8b650,6,,,,
9ae8b650,7,,,,
9ae8b650,8,,,,
9ae8b650,9,,,,
9ae8b650,10,,,,
9ae8b650,11,,,,
9ae8b650,12,,,,
9ae8b650,13,,,,
f72085d2,1,,,,
f72085d2,2,,,,
f72085d2,3,,,,
f72085d2,4,,,,
f72085d2,5,,,,
18ecc45b,1,,,,
18ecc45b,2,,,,
18ecc45b,3,,,,
05d357bb,1,,,,
05d357bb,2,,,,
05d357bb,3,,,,
05d357bb,4,,,,
b370e57b,1,,,,
b370e57b,2,,,,
fd93632b,1,,,,
fd93632b,2,,,,
f468ff5f,1,,,,
f468ff5f,2,,,,
f468ff5f,3,,,,
c2db34fb,1,,,,
c2db34fb,2,,,,
c2db34fb,3,,,,
c2db34fb,4,,,,
c2db34fb,5,,,,
c2db34fb,6,,,,
c2db34fb,7,,,,
f2d41749,1,,,,
f2d41749,2,,,,
f2d41749,3,,,,
f2d41749,4,,,,
f2d41749,5,,,,
f2d41749,6,,,,
e10b4a20,1,,,,
e10b4a20,2,,,,
2a69b223,1,,,,
2a69b223,2,,,,
2a69b223,3,,,,
2a69b223,4,,,,
2a69b223,5,,,,
2a69b223,6,,,,
2a69b223,7,,,,
2a69b223,8,,,,
2a69b223,9,,,,
2a69b223,10,,,,
2a69b223,11,,,,
2a69b223,12,,,,
2a69b223,13,,,,
29dab5b8,1,,,,
29dab5b8,2,,,,
29dab5b8,3,,,,
29dab5b8,4,,,,
29dab5b8,5,,,,
29dab5b8,6,,,,
29dab5b8,7,,,,
29dab5b8,8,,,,
08c823ed,1,,,,
08c823ed,2,,,,
08c823ed,3,,,,
08c823ed,4,,,,
08c823ed,5,,,,
08c823ed,6,,,,
08c823ed,7,,,,
08c823ed,8,,,,
08c823ed,9,,,,
08c823ed,10,,,,
08c823ed,11,,,,
4062aefb,1,,,,
4062aefb,2,,,,
4062aefb,3,,,,
e35a3c91,1,,,,
e35a3c91,2,,,,
e35a3c91,3,,,,
e35a3c91,4,,,,
b1949215,1,,,,
b1949215,2,,,,
e35772c9,1,,,,
e35772c9,2,,,,
e35772c9,3,,,,
e35772c9,4,,,,
e35772c9,5,,,,
e35772c9,6,,,,
35adb4d6,1,,,,
35adb4d6,2,,,,
35adb4d6,3,,,,
35adb4d6,4,,,,
bbfd4108,1,,,,
bbfd4108,2,,,,
bbfd4108,3,,,,
bbfd4108,4,,,,
033ab190,1,,,,
033ab190,2,,,,
033ab190,3,,,,
033ab190,4,,,,
033ab190,5,,,,
033ab190,6,,,,
033ab190,7,,,,
033ab190,8,,,,
033ab190,9,,,,
c6a14e93,1,,,,
c6a14e93,2,,,,
c6a14e93,3,,,,
c6a14e93,4,,,,
5995db9e,1,,,,
5995db9e,2,,,,
5995db9e,3,,,,
5995db9e,4,,,,
5995db9e,5,,,,
dbc6670b,1,,,,
dbc6670b,2,,,,
dbc6670b,3,,,,
dbc6670b,4,,,,
dbc6670b,5,,,,
dbc6670b,6,,,,
dbc6670b,7,,,,
c1c7e9d2,1,,,,
c1c7e9d2,2,,,,
c1c7e9d2,3,,,,
c1c7e9d2,4,,,,
c1c7e9d2,5,,,,
c1c7e9d2,6,,,,
c1c7e9d2,7,,,,
c1c7e9d2,8,,,,
c1c7e9d2,9,,,,
c1c7e9d2,10,,,,
c2c1f8e0,1,,,,
c2c1f8e0,2,,,,
c2c1f8e0,3,,,,
c2c1f8e0,4,,,,
c2c1f8e0,5,,,,
c2c1f8e0,6,,,,
45bb95df,1,,,,
45bb95df,2,,,,
45bb95df,3,,,,
45bb95df,4,,,,
aebd0373,1,,,,
aebd0373,2,,,,
aebd0373,3,,,,
aebd0373,4,,,,
aebd0373,5,,,,
aebd0373,6,,,,
aebd0373,7,,,,
59dab099,1,,,,
59dab099,2,,,,
59dab099,3,,,,
59dab099,4,,,,
59dab099,5,,,,
5f600c8e,1,,,,
5f600c8e,2,,,,
5f600c8e,3,,,,
5f600c8e,4,,,,
5f600c8e,5,,,,
abe6074c,1,,,,
abe6074c,2,,,,
abe6074c,3,,,,
cadec525,1,,,,
cadec525,2,,,,
cadec525,3,,,,
89207b78,1,,,,
89207b78,2,,,,
89207b78,3,,,,
89207b78,4,,,,
89207b78,5,,,,
89207b78,6,,,,
cd5acff8,1,,,,
cd5acff8,2,,,,
cd5acff8,3,,,,
8b3a89ec,1,,,,
d3bdab01,1,,,,
88085257,1,,,,
88085257,2,,,,
88085257,3,,,,
88085257,4,,,,
88085257,5,,,,
93324d19,1,,,,
93324d19,2,,,,
93324d19,3,,,,
93324d19,4,,,,
93324d19,5,,,,
93324d19,6,,,,
93324d19,7,,,,
93324d19,8,,,,
352d0624,1,,,,
352d0624,2,,,,
352d0624,3,,,,
352d0624,4,,,,
476995cc,1,,,,
476995cc,2,,,,
476995cc,3,,,,
476995cc,4,,,,
97e1ae9f,1,,,,
97e1ae9f,2,,,,
895be796,1,,,,
895be796,2,,,,
895be796,3,,,,
ab9df828,1,,,,
ab9df828,2,,,,
ab9df828,3,,,,
ab9df828,4,,,,
64662298,1,,,,
64662298,2,,,,
64662298,3,,,,
2eeb9bee,1,,,,
2eeb9bee,2,,,,
2eeb9bee,3,,,,
2eeb9bee,4,,,,
2eeb9bee,5,,,,
8e11009a,1,,,,
8e11009a,2,,,,
8e11009a,3,,,,
8e11009a,4,,,,
f74e0e97,1,,,,
f74e0e97,2,,,,
f74e0e97,3,,,,
f74e0e97,4,,,,
f74e0e97,5,,,,
f74e0e97,6,,,,
f74e0e97,7,,,,
7b69a331,1,,,,
7b69a331,2,,,,
7b69a331,3,,,,
a6f31065,1,,,,
a6f31065,2,,,,
a6f31065,3,,,,
a6f31065,4,,,,
a6f31065,5,,,,
a6f31065,6,,,,
58c676d3,1,,,,
58c676d3,2,,,,
58c676d3,3,,,,
01c9e8d1,1,,,,
01c9e8d1,2,,,,
01c9e8d1,3,,,,
0684a655,1,,,,
0684a655,2,,,,
0684a655,3,,,,
0684a655,4,,,,
0684a655,5,,,,
0684a655,6,,,,
e6872b30,1,,,,
fb472463,1,,,,
fb472463,2,,,,
fb472463,3,,,,
fb472463,4,,,,
4150776b,1,,,,
4150776b,2,,,,
4150776b,3,,,,
4150776b,4,,,,
4150776b,5,,,,
e9d77a86,1,,,,
e9d77a86,2,,,,
e9d77a86,3,,,,
e9d77a86,4,,,,
e9d77a86,5,,,,
e9d77a86,6,,,,
e9d77a86,7,,,,
e9d77a86,8,,,,
2ac99741,1,,,,
2ac99741,2,,,,
ed0a9b08,1,,,,
ed0a9b08,2,,,,
ed0a9b08,3,,,,
ed0a9b08,4,,,,
ed0a9b08,5,,,,
ed0a9b08,6,,,,
d87bb501,1,,,,
d87bb501,2,,,,
d87bb501,3,,,,
6cb514ea,1,,,,
6cb514ea,2,,,,
6cb514ea,3,,,,
9b528165,1,,,,
9b528165,2,,,,
9b528165,3,,,,
9b528165,4,,,,
9b528165,5,,,,
9b528165,6,,,,
9b528165,7,,,,
9b528165,8,,,,
9b528165,9,,,,
9b528165,10,,,,
9b528165,11,,,,
9b528165,12,,,,
9b528165,13,,,,
9b528165,14,,,,
5646568c,1,,,,
5646568c,2,,,,
5646568c,3,,,,
5646568c,4,,,,
d78c58be,1,,,,
d78c58be,2,,,,
d78c58be,3,,,,
d78c58be,4,,,,
d78c58be,5,,,,
d78c58be,6,,,,
d78c58be,7,,,,
b4d87196,1,,,,
b4d87196,2,,,,
b4d87196,3,,,,
8a7eee5c,1,,,,
8a7eee5c,2,,,,
8a7eee5c,3,,,,
8a7eee5c,4,,,,
62cbb01c,1,,,,
62cbb01c,2,,,,
62cbb01c,3,,,,
62cbb01c,4,,,,
62cbb01c,5,,,,
e713e7e6,1,,,,
e713e7e6,2,,,,
e713e7e6,3,,,,
97baf67b,1,,,,
0d0bf1a5,1,,,,
29d423c8,1,,,,
53365ed3,1,,,,
6d63be2d,1,,,,
6d63be2d,2,,,,
6d63be2d,3,,,,
dc8dfd58,1,,,,
dc8dfd58,2,,,,
dc8dfd58,3,,,,
dc8dfd58,4,,,,
dc8dfd58,5,,,,
6b67b5e4,1,,,,
6b67b5e4,2,,,,
a77899fe,1,,,,
a77899fe,2,,,,
174e20c0,1,,,,
174e20c0,2,,,,
174e20c0,3,,,,
174e20c0,4,,,,
624d7e96,1,,,,
624d7e96,2,,,,
624d7e96,3,,,,
624d7e96,4,,,,
a2074b7f,1,,,,
a2074b7f,2,,,,
a2074b7f,3,,,,
a2074b7f,4,,,,
a2074b7f,5,,,,
db3b4b1c,1,,,,
db3b4b1c,2,,,,
db3b4b1c,3,,,,
db3b4b1c,4,,,,
db3b4b1c,5,,,,
db3b4b1c,6,,,,
9a99a0a7,1,,,,
9a99a0a7,2,,,,
9a99a0a7,3,,,,
9d35efa9,1,,,,
9d35efa9,2,,,,
9d35efa9,3,,,,
9d35efa9,4,,,,
9d35efa9,5,,,,
9d35efa9,6,,,,
8dc5dbb4,1,,,,
8dc5dbb4,2,,,,
8dc5dbb4,3,,,,
45cadc22,1,,,,
fa9fb7e1,1,,,,
fa9fb7e1,2,,,,
fa9fb7e1,3,,,,
10679814,1,,,,
10679814,2,,,,
10679814,3,,,,
10679814,4,,,,
10679814,5,,,,
10679814,6,,,,
c4a2fbe5,1,,,,
c4a2fbe5,2,,,,
c4a2fbe5,3,,,,
c4a2fbe5,4,,,,
e16080de,1,,,,
e16080de,2,,,,
e16080de,3,,,,
ad6b0d8f,1,,,,
ad6b0d8f,2,,,,
ad6b0d8f,3,,,,
0757b1ed,1,,,,
0757b1ed,2,,,,
0757b1ed,3,,,,
0757b1ed,4,,,,
a7ffa199,1,,,,
a7ffa199,2,,,,
a7ffa199,3,,,,
a7ffa199,4,,,,
a7ffa199,5,,,,
074db05e,1,,,,
5e3397a9,1,,,,
5e3397a9,2,,,,
5e3397a9,3,,,,
5e3397a9,4,,,,
5e3397a9,5,,,,
5e3397a9,6,,,,
5e3397a9,7,,,,
5e3397a9,8,,,,